2025-05-12 23:05:42,372 - ENTER: 54.95 shares at 181.99
2025-05-12 23:05:42,372 - EXIT: 54.95 shares at 189.70 | P/L: 423.65 (SIGNAL)
2025-05-12 23:05:42,373 - ENTER: 59.93 shares at 173.93
2025-05-12 23:05:42,373 - EXIT: 59.93 shares at 186.40 | P/L: 747.33 (SIGNAL)
2025-05-12 23:05:42,374 - ENTER: 60.63 shares at 184.25
2025-05-12 23:05:42,374 - EXIT: 60.63 shares at 194.17 | P/L: 601.44 (SIGNAL)
2025-05-12 23:05:42,374 - ENTER: 63.62 shares at 185.04
2025-05-12 23:05:42,375 - EXIT: 63.62 shares at 182.40 | P/L: -167.96 (SIGNAL)
2025-05-12 23:05:42,376 - ENTER: 53.04 shares at 218.80
2025-05-12 23:05:42,376 - EXIT: 53.04 shares at 226.84 | P/L: 426.42 (SIGNAL)
2025-05-12 23:05:42,376 - ENTER: 55.50 shares at 216.79
2025-05-12 23:05:42,377 - EXIT: 55.50 shares at 235.06 | P/L: 1013.90 (SIGNAL)
2025-05-12 23:05:42,377 - ENTER: 55.65 shares at 234.40
2025-05-12 23:05:42,378 - EXIT: 55.65 shares at 247.10 | P/L: 706.78 (SIGNAL)
2025-05-12 23:05:42,378 - ENTER: 60.45 shares at 227.48
2025-05-12 23:05:42,378 - EXIT: 60.45 shares at 223.89 | P/L: -217.02 (SIGNAL)
2025-05-12 23:05:42,378 - ENTER: 74.59 shares at 181.46
2025-05-12 23:05:42,379 - EXIT: 74.59 shares at 211.21 | P/L: 2218.96 (SIGNAL)
2025-05-12 23:09:33,146 - ENTER: 703.65 shares at 14.21
2025-05-12 23:09:33,146 - EXIT: 703.65 shares at 15.72 | P/L: 1058.99 (SIGNAL)
2025-05-12 23:09:33,146 - ENTER: 873.88 shares at 12.65
2025-05-12 23:09:33,146 - EXIT: 873.88 shares at 15.58 | P/L: 2557.59 (SIGNAL)
2025-05-12 23:09:33,148 - ENTER: 365.74 shares at 37.23
2025-05-12 23:09:33,148 - EXIT: 365.74 shares at 43.15 | P/L: 2165.19 (SIGNAL)
2025-05-12 23:09:33,149 - ENTER: 287.83 shares at 54.83
2025-05-12 23:09:33,150 - EXIT: 287.83 shares at 69.20 | P/L: 4136.13 (SIGNAL)
2025-05-12 23:09:33,150 - ENTER: 436.03 shares at 45.68
2025-05-12 23:09:33,150 - EXIT: 436.03 shares at 60.79 | P/L: 6588.43 (SIGNAL)
2025-05-12 23:09:33,152 - ENTER: 667.67 shares at 39.70
2025-05-12 23:09:33,152 - EXIT: 667.67 shares at 40.29 | P/L: 393.92 (SIGNAL)
2025-05-12 23:16:22,469 - ENTER: 703.65 shares at 14.21
2025-05-12 23:16:22,469 - EXIT: 703.65 shares at 15.72 | P/L: 1058.99 (SIGNAL)
2025-05-12 23:16:22,470 - ENTER: 873.88 shares at 12.65
2025-05-12 23:16:22,470 - EXIT: 873.88 shares at 15.58 | P/L: 2557.59 (SIGNAL)
2025-05-12 23:16:22,471 - ENTER: 365.74 shares at 37.23
2025-05-12 23:16:22,471 - EXIT: 365.74 shares at 43.15 | P/L: 2165.19 (SIGNAL)
2025-05-12 23:16:22,472 - ENTER: 287.83 shares at 54.83
2025-05-12 23:16:22,472 - EXIT: 287.83 shares at 69.20 | P/L: 4136.13 (SIGNAL)
2025-05-12 23:16:22,473 - ENTER: 436.03 shares at 45.68
2025-05-12 23:16:22,473 - EXIT: 436.03 shares at 60.79 | P/L: 6588.43 (SIGNAL)
2025-05-12 23:16:22,474 - ENTER: 667.67 shares at 39.70
2025-05-12 23:16:22,475 - EXIT: 667.67 shares at 40.29 | P/L: 393.92 (SIGNAL)
2025-05-12 23:21:52,063 - ENTER LONG: 703.65 shares at 14.21
2025-05-12 23:21:52,064 - EXIT LONG: 703.65 shares at 15.72 | P/L: 1058.99 (SIGNAL)
2025-05-12 23:21:52,064 - ENTER LONG: 873.88 shares at 12.65
2025-05-12 23:21:52,064 - EXIT LONG: 873.88 shares at 15.58 | P/L: 2557.59 (SIGNAL)
2025-05-12 23:21:52,066 - ENTER LONG: 365.74 shares at 37.23
2025-05-12 23:21:52,066 - EXIT LONG: 365.74 shares at 43.15 | P/L: 2165.19 (SIGNAL)
2025-05-12 23:21:52,067 - ENTER LONG: 287.83 shares at 54.83
2025-05-12 23:21:52,067 - EXIT LONG: 287.83 shares at 69.20 | P/L: 4136.13 (SIGNAL)
2025-05-12 23:21:52,067 - ENTER LONG: 436.03 shares at 45.68
2025-05-12 23:21:52,067 - EXIT LONG: 436.03 shares at 60.79 | P/L: 6588.43 (SIGNAL)
2025-05-12 23:21:52,069 - ENTER LONG: 667.67 shares at 39.70
2025-05-12 23:21:52,070 - EXIT LONG: 667.67 shares at 40.29 | P/L: 393.92 (SIGNAL)
2025-05-13 07:12:27,324 - ENTER LONG: 388.87 shares at 24.43 (Commission: $9.50)
2025-05-13 07:12:27,325 - EXIT LONG: 388.87 shares at 28.26 | P/L: 1468.87 (Commission: $20.49)
2025-05-13 07:12:27,325 - ENTER LONG: 411.93 shares at 26.45 (Commission: $10.90)
2025-05-13 07:12:27,326 - EXIT LONG: 411.93 shares at 23.87 | P/L: -1083.50 (Commission: $20.73)
2025-05-13 07:12:27,327 - ENTER LONG: 299.15 shares at 32.98 (Commission: $9.87)
2025-05-13 07:12:27,327 - EXIT LONG: 299.15 shares at 24.53 | P/L: -2545.06 (Commission: $17.20)
2025-05-13 07:14:53,360 - ENTER LONG: 21.77 shares at 436.29 (Commission: $9.50)
2025-05-13 07:14:53,361 - EXIT LONG: 21.77 shares at 450.36 | P/L: 287.06 (Commission: $19.31)
2025-05-13 07:14:53,361 - ENTER LONG: 22.28 shares at 438.64 (Commission: $9.77)
2025-05-13 07:14:53,361 - EXIT LONG: 22.28 shares at 448.73 | P/L: 205.03 (Commission: $19.77)
2025-05-13 07:14:53,362 - ENTER LONG: 19.91 shares at 500.55 (Commission: $9.97)
2025-05-13 07:14:53,363 - EXIT LONG: 19.91 shares at 520.17 | P/L: 370.37 (Commission: $20.33)
2025-05-13 07:14:53,363 - ENTER LONG: 19.95 shares at 517.38 (Commission: $10.32)
2025-05-13 07:14:53,363 - EXIT LONG: 19.95 shares at 562.13 | P/L: 871.02 (Commission: $21.53)
2025-05-13 07:14:53,365 - ENTER LONG: 19.05 shares at 585.05 (Commission: $11.15)
2025-05-13 07:14:53,365 - EXIT LONG: 19.05 shares at 561.15 | P/L: -477.20 (Commission: $21.84)
2025-05-13 07:22:51,985 - ENTER LONG: 21.77 shares at 436.29 (Commission: $9.50)
2025-05-13 07:22:51,986 - EXIT LONG: 21.77 shares at 450.36 | P/L: 287.06 (Commission: $19.31)
2025-05-13 07:22:51,986 - ENTER LONG: 22.28 shares at 438.64 (Commission: $9.77)
2025-05-13 07:22:51,987 - EXIT LONG: 22.28 shares at 448.73 | P/L: 205.03 (Commission: $19.77)
2025-05-13 07:22:51,988 - ENTER LONG: 19.91 shares at 500.55 (Commission: $9.97)
2025-05-13 07:22:51,988 - EXIT LONG: 19.91 shares at 520.17 | P/L: 370.37 (Commission: $20.33)
2025-05-13 07:22:51,988 - ENTER LONG: 19.95 shares at 517.38 (Commission: $10.32)
2025-05-13 07:22:51,989 - EXIT LONG: 19.95 shares at 562.13 | P/L: 871.02 (Commission: $21.53)
2025-05-13 07:22:51,990 - ENTER LONG: 19.05 shares at 585.05 (Commission: $11.15)
2025-05-13 07:22:51,990 - EXIT LONG: 19.05 shares at 561.15 | P/L: -477.20 (Commission: $21.84)
2025-05-13 08:15:39,158 - ENTER LONG: 671.38 shares at 14.15 (Commission: $9.50)
2025-05-13 08:15:39,159 - EXIT LONG: 671.38 shares at 17.80 | P/L: 2429.08 (Commission: $21.45)
2025-05-13 08:15:39,159 - ENTER LONG: 783.52 shares at 15.07 (Commission: $11.81)
2025-05-13 08:15:39,159 - EXIT LONG: 783.52 shares at 19.94 | P/L: 3788.30 (Commission: $27.43)
2025-05-13 08:15:39,159 - ENTER LONG: 867.00 shares at 17.77 (Commission: $15.41)
2025-05-13 08:15:39,160 - EXIT LONG: 867.00 shares at 21.87 | P/L: 3520.31 (Commission: $34.37)
2025-05-13 08:15:39,160 - ENTER LONG: 836.34 shares at 22.42 (Commission: $18.75)
2025-05-13 08:15:39,161 - EXIT LONG: 836.34 shares at 25.21 | P/L: 2293.56 (Commission: $39.84)
2025-05-13 08:15:39,161 - ENTER LONG: 996.18 shares at 21.01 (Commission: $20.93)
2025-05-13 08:15:39,161 - EXIT LONG: 996.18 shares at 23.79 | P/L: 2724.75 (Commission: $44.63)
2025-05-13 08:15:39,161 - ENTER LONG: 950.61 shares at 24.74 (Commission: $23.52)
2025-05-13 08:15:39,161 - EXIT LONG: 950.61 shares at 32.50 | P/L: 7322.36 (Commission: $54.41)
2025-05-13 08:15:39,162 - ENTER LONG: 462.36 shares at 65.91 (Commission: $30.47)
2025-05-13 08:15:39,163 - EXIT LONG: 462.36 shares at 81.22 | P/L: 7010.77 (Commission: $68.03)
2025-05-13 08:15:39,163 - ENTER LONG: 438.06 shares at 84.77 (Commission: $37.13)
2025-05-13 08:15:39,163 - EXIT LONG: 438.06 shares at 112.78 | P/L: 12183.63 (Commission: $86.54)
2025-05-13 12:41:50,688 - ENTER LONG: 648.91 shares at 14.64 (Commission: $9.50)
2025-05-13 12:41:50,689 - EXIT LONG: 648.91 shares at 16.59 | P/L: 1245.10 (Commission: $20.27)
2025-05-13 12:41:50,689 - ENTER LONG: 650.20 shares at 16.43 (Commission: $10.68)
2025-05-13 12:41:50,689 - EXIT LONG: 650.20 shares at 19.84 | P/L: 2193.61 (Commission: $23.58)
2025-05-13 12:41:50,689 - ENTER LONG: 701.47 shares at 18.20 (Commission: $12.77)
2025-05-13 12:41:50,690 - EXIT LONG: 701.47 shares at 17.80 | P/L: -305.84 (Commission: $25.25)
2025-05-13 12:41:50,690 - ENTER LONG: 731.31 shares at 17.06 (Commission: $12.48)
2025-05-13 12:41:50,690 - EXIT LONG: 731.31 shares at 19.94 | P/L: 2079.13 (Commission: $27.06)
2025-05-13 12:41:50,690 - ENTER LONG: 752.68 shares at 19.20 (Commission: $14.45)
2025-05-13 12:41:50,690 - EXIT LONG: 752.68 shares at 21.87 | P/L: 1978.74 (Commission: $30.91)
2025-05-13 12:41:50,691 - ENTER LONG: 668.76 shares at 24.42 (Commission: $16.33)
2025-05-13 12:41:50,691 - EXIT LONG: 668.76 shares at 25.21 | P/L: 495.13 (Commission: $33.19)
2025-05-13 12:41:50,691 - ENTER LONG: 785.12 shares at 21.40 (Commission: $16.80)
2025-05-13 12:41:50,692 - EXIT LONG: 785.12 shares at 23.79 | P/L: 1840.96 (Commission: $35.48)
2025-05-13 12:41:50,692 - ENTER LONG: 769.73 shares at 24.10 (Commission: $18.55)
2025-05-13 12:41:50,692 - EXIT LONG: 769.73 shares at 27.23 | P/L: 2369.74 (Commission: $39.51)
2025-05-13 12:41:50,692 - ENTER LONG: 782.02 shares at 26.60 (Commission: $20.80)
2025-05-13 12:41:50,692 - EXIT LONG: 782.02 shares at 32.50 | P/L: 4567.70 (Commission: $46.22)
2025-05-13 12:41:50,692 - ENTER LONG: 828.10 shares at 30.36 (Commission: $25.14)
2025-05-13 12:41:50,692 - EXIT LONG: 828.10 shares at 35.59 | P/L: 4276.34 (Commission: $54.61)
2025-05-13 12:41:50,693 - ENTER LONG: 668.43 shares at 43.69 (Commission: $29.20)
2025-05-13 12:41:50,693 - EXIT LONG: 668.43 shares at 51.13 | P/L: 4909.72 (Commission: $63.38)
2025-05-13 12:41:50,693 - ENTER LONG: 473.61 shares at 71.51 (Commission: $33.87)
2025-05-13 12:41:50,693 - EXIT LONG: 473.61 shares at 81.22 | P/L: 4526.41 (Commission: $72.33)
2025-05-13 12:41:50,694 - ENTER LONG: 420.91 shares at 90.68 (Commission: $38.17)
2025-05-13 12:41:50,694 - EXIT LONG: 420.91 shares at 112.78 | P/L: 9216.42 (Commission: $85.64)
2025-05-13 12:41:50,694 - ENTER LONG: 431.04 shares at 108.86 (Commission: $46.92)
2025-05-13 12:41:50,694 - EXIT LONG: 431.04 shares at 117.30 | P/L: 3540.53 (Commission: $97.49)
2025-05-13 12:54:23,035 - ENTER LONG: 671.38 shares at 14.15 (Commission: $9.50)
2025-05-13 12:54:23,035 - EXIT LONG: 671.38 shares at 17.80 | P/L: 2429.08 (Commission: $21.45)
2025-05-13 12:54:23,036 - ENTER LONG: 783.52 shares at 15.07 (Commission: $11.81)
2025-05-13 12:54:23,036 - EXIT LONG: 783.52 shares at 19.94 | P/L: 3788.30 (Commission: $27.43)
2025-05-13 12:54:23,036 - ENTER LONG: 867.00 shares at 17.77 (Commission: $15.41)
2025-05-13 12:54:23,036 - EXIT LONG: 867.00 shares at 21.87 | P/L: 3520.31 (Commission: $34.37)
2025-05-13 12:54:23,037 - ENTER LONG: 836.34 shares at 22.42 (Commission: $18.75)
2025-05-13 12:54:23,037 - EXIT LONG: 836.34 shares at 25.21 | P/L: 2293.56 (Commission: $39.84)
2025-05-13 12:54:23,037 - ENTER LONG: 996.18 shares at 21.01 (Commission: $20.93)
2025-05-13 12:54:23,037 - EXIT LONG: 996.18 shares at 23.79 | P/L: 2724.75 (Commission: $44.63)
2025-05-13 12:54:23,038 - ENTER LONG: 950.61 shares at 24.74 (Commission: $23.52)
2025-05-13 12:54:23,038 - EXIT LONG: 950.61 shares at 32.50 | P/L: 7322.36 (Commission: $54.41)
2025-05-13 12:54:23,039 - ENTER LONG: 462.36 shares at 65.91 (Commission: $30.47)
2025-05-13 12:54:23,039 - EXIT LONG: 462.36 shares at 81.22 | P/L: 7010.77 (Commission: $68.03)
2025-05-13 12:54:23,039 - ENTER LONG: 438.06 shares at 84.77 (Commission: $37.13)
2025-05-13 12:54:23,040 - EXIT LONG: 438.06 shares at 112.78 | P/L: 12183.63 (Commission: $86.54)
2025-05-13 13:22:57,421 - ENTER LONG: 39.48 shares at 14.40 (Weight: 5.7%, Commission: $0.57)
2025-05-13 13:22:57,422 - ENTER LONG: 38.27 shares at 14.50 (Weight: 5.9%, Commission: $0.55)
2025-05-13 13:22:57,422 - ENTER LONG: 26.99 shares at 14.67 (Weight: 4.5%, Commission: $0.40)
2025-05-13 13:22:57,423 - EXIT LONG: 26.99 shares at 14.38 | P/L: -8.70 (Commission: $0.78)
2025-05-13 13:22:57,423 - ENTER LONG: 15.07 shares at 14.14 (Weight: 2.4%, Commission: $0.21)
2025-05-13 13:22:57,423 - EXIT LONG: 15.07 shares at 14.85 | P/L: 10.22 (Commission: $0.44)
2025-05-13 13:22:57,423 - ENTER LONG: 17.61 shares at 14.69 (Weight: 2.9%, Commission: $0.26)
2025-05-13 13:22:57,423 - ENTER LONG: 17.25 shares at 14.80 (Weight: 3.0%, Commission: $0.26)
2025-05-13 13:22:57,423 - ENTER LONG: 13.93 shares at 14.92 (Weight: 2.5%, Commission: $0.21)
2025-05-13 13:22:57,423 - EXIT LONG: 13.93 shares at 15.67 | P/L: 9.96 (Commission: $0.43)
2025-05-13 13:22:57,424 - ENTER LONG: 11.77 shares at 15.98 (Weight: 2.2%, Commission: $0.19)
2025-05-13 13:22:57,424 - EXIT LONG: 11.77 shares at 16.78 | P/L: 9.02 (Commission: $0.39)
2025-05-13 13:22:57,424 - ENTER LONG: 13.76 shares at 21.88 (Weight: 3.6%, Commission: $0.30)
2025-05-13 13:22:57,424 - EXIT LONG: 13.76 shares at 21.44 | P/L: -6.62 (Commission: $0.60)
2025-05-13 13:22:57,424 - ENTER LONG: 15.06 shares at 21.31 (Weight: 3.8%, Commission: $0.32)
2025-05-13 13:22:57,424 - EXIT LONG: 15.06 shares at 20.88 | P/L: -7.05 (Commission: $0.64)
2025-05-13 13:22:57,424 - ENTER LONG: 10.88 shares at 20.47 (Weight: 2.7%, Commission: $0.22)
2025-05-13 13:22:57,424 - EXIT LONG: 10.88 shares at 21.49 | P/L: 10.68 (Commission: $0.46)
2025-05-13 13:22:57,425 - ENTER LONG: 10.83 shares at 21.01 (Weight: 2.7%, Commission: $0.23)
2025-05-13 13:22:57,425 - EXIT LONG: 10.83 shares at 22.06 | P/L: 10.91 (Commission: $0.47)
2025-05-13 13:22:57,425 - ENTER LONG: 8.73 shares at 24.09 (Weight: 2.5%, Commission: $0.21)
2025-05-13 13:22:57,425 - EXIT LONG: 8.73 shares at 25.29 | P/L: 10.09 (Commission: $0.43)
2025-05-13 13:22:57,427 - ENTER LONG: 2.51 shares at 83.42 (Weight: 2.5%, Commission: $0.21)
2025-05-13 13:22:57,427 - EXIT LONG: 2.51 shares at 87.59 | P/L: 10.04 (Commission: $0.43)
2025-05-13 13:22:57,427 - ENTER LONG: 2.69 shares at 80.46 (Weight: 2.6%, Commission: $0.22)
2025-05-13 13:22:57,427 - EXIT LONG: 2.69 shares at 84.48 | P/L: 10.39 (Commission: $0.44)
2025-05-13 13:22:57,427 - ENTER LONG: 4.66 shares at 76.38 (Weight: 4.2%, Commission: $0.36)
2025-05-13 13:22:57,427 - ENTER LONG: 2.42 shares at 78.05 (Weight: 2.3%, Commission: $0.19)
2025-05-13 13:22:57,427 - EXIT LONG: 2.42 shares at 81.95 | P/L: 9.06 (Commission: $0.39)
2025-05-13 13:29:09,316 - ENTER LONG: 39.44 shares at 14.40 (Weight: 5.7%, Commission: $0.57)
2025-05-13 13:29:09,316 - ENTER LONG: 38.24 shares at 14.50 (Weight: 5.9%, Commission: $0.55)
2025-05-13 13:29:09,316 - ENTER LONG: 26.97 shares at 14.67 (Weight: 4.5%, Commission: $0.40)
2025-05-13 13:29:09,317 - EXIT LONG: 39.44 shares at 15.12 | P/L: 27.24 (Commission: $1.16)
2025-05-13 13:29:09,317 - EXIT LONG: 38.24 shares at 15.23 | P/L: 26.59 (Commission: $1.14)
2025-05-13 13:29:09,317 - EXIT LONG: 26.97 shares at 14.38 | P/L: -8.70 (Commission: $0.78)
2025-05-13 13:29:09,317 - ENTER LONG: 17.06 shares at 14.14 (Weight: 2.4%, Commission: $0.24)
2025-05-13 13:29:09,317 - EXIT LONG: 17.06 shares at 14.85 | P/L: 11.57 (Commission: $0.49)
2025-05-13 13:29:09,317 - ENTER LONG: 19.93 shares at 14.69 (Weight: 2.9%, Commission: $0.29)
2025-05-13 13:29:09,317 - ENTER LONG: 19.53 shares at 14.80 (Weight: 3.0%, Commission: $0.29)
2025-05-13 13:29:09,317 - ENTER LONG: 15.76 shares at 14.92 (Weight: 2.5%, Commission: $0.24)
2025-05-13 13:29:09,317 - EXIT LONG: 19.93 shares at 15.42 | P/L: 14.04 (Commission: $0.60)
2025-05-13 13:29:09,317 - EXIT LONG: 19.53 shares at 15.54 | P/L: 13.86 (Commission: $0.59)
2025-05-13 13:29:09,317 - EXIT LONG: 15.76 shares at 15.67 | P/L: 11.28 (Commission: $0.48)
2025-05-13 13:29:09,318 - ENTER LONG: 14.18 shares at 15.98 (Weight: 2.2%, Commission: $0.23)
2025-05-13 13:29:09,318 - EXIT LONG: 14.18 shares at 16.78 | P/L: 10.86 (Commission: $0.46)
2025-05-13 13:29:09,318 - ENTER LONG: 16.58 shares at 21.88 (Weight: 3.6%, Commission: $0.36)
2025-05-13 13:29:09,318 - EXIT LONG: 16.58 shares at 21.44 | P/L: -7.97 (Commission: $0.72)
2025-05-13 13:29:09,318 - ENTER LONG: 18.14 shares at 21.31 (Weight: 3.8%, Commission: $0.39)
2025-05-13 13:29:09,318 - EXIT LONG: 18.14 shares at 20.88 | P/L: -8.50 (Commission: $0.77)
2025-05-13 13:29:09,318 - ENTER LONG: 13.11 shares at 20.47 (Weight: 2.7%, Commission: $0.27)
2025-05-13 13:29:09,318 - EXIT LONG: 13.11 shares at 21.49 | P/L: 12.87 (Commission: $0.55)
2025-05-13 13:29:09,318 - ENTER LONG: 13.05 shares at 21.01 (Weight: 2.7%, Commission: $0.27)
2025-05-13 13:29:09,319 - EXIT LONG: 13.05 shares at 22.06 | P/L: 13.15 (Commission: $0.56)
2025-05-13 13:29:09,319 - ENTER LONG: 10.52 shares at 24.09 (Weight: 2.5%, Commission: $0.25)
2025-05-13 13:29:09,319 - EXIT LONG: 10.52 shares at 25.29 | P/L: 12.15 (Commission: $0.52)
2025-05-13 13:29:09,320 - ENTER LONG: 3.02 shares at 83.42 (Weight: 2.5%, Commission: $0.25)
2025-05-13 13:29:09,320 - EXIT LONG: 3.02 shares at 87.59 | P/L: 12.09 (Commission: $0.52)
2025-05-13 13:29:09,320 - ENTER LONG: 3.24 shares at 80.46 (Weight: 2.6%, Commission: $0.26)
2025-05-13 13:29:09,320 - EXIT LONG: 3.24 shares at 84.48 | P/L: 12.51 (Commission: $0.53)
2025-05-13 13:29:09,320 - ENTER LONG: 5.61 shares at 76.38 (Weight: 4.2%, Commission: $0.43)
2025-05-13 13:29:09,320 - ENTER LONG: 2.92 shares at 78.05 (Weight: 2.3%, Commission: $0.23)
2025-05-13 13:29:09,320 - EXIT LONG: 5.61 shares at 80.20 | P/L: 20.56 (Commission: $0.88)
2025-05-13 13:29:09,320 - EXIT LONG: 2.92 shares at 81.95 | P/L: 10.92 (Commission: $0.47)
2025-05-13 14:09:50,434 - ENTER LONG: 316.47 shares at 9.47 (Weight: 30.0%, Commission: $3.00)
2025-05-13 14:09:50,434 - EXIT LONG: 316.47 shares at 9.94 | P/L: 143.71 (Commission: $6.14)
2025-05-13 14:09:50,434 - ENTER LONG: 248.57 shares at 12.23 (Weight: 30.0%, Commission: $3.04)
2025-05-13 14:09:50,434 - EXIT LONG: 248.57 shares at 12.84 | P/L: 145.40 (Commission: $6.23)
2025-05-13 14:09:50,435 - ENTER LONG: 212.08 shares at 14.54 (Weight: 30.0%, Commission: $3.08)
2025-05-13 14:09:50,435 - EXIT LONG: 212.08 shares at 15.24 | P/L: 142.14 (Commission: $6.32)
2025-05-13 14:09:50,435 - ENTER LONG: 212.81 shares at 14.69 (Weight: 30.0%, Commission: $3.13)
2025-05-13 14:09:50,435 - EXIT LONG: 212.81 shares at 15.19 | P/L: 100.05 (Commission: $6.36)
2025-05-13 14:09:50,435 - ENTER LONG: 210.14 shares at 15.02 (Weight: 30.0%, Commission: $3.16)
2025-05-13 14:09:50,435 - EXIT LONG: 210.14 shares at 15.65 | P/L: 125.94 (Commission: $6.44)
2025-05-13 14:09:50,435 - ENTER LONG: 200.75 shares at 15.91 (Weight: 30.0%, Commission: $3.19)
2025-05-13 14:09:50,435 - EXIT LONG: 200.75 shares at 16.60 | P/L: 131.99 (Commission: $6.53)
2025-05-13 14:09:50,435 - ENTER LONG: 198.38 shares at 16.30 (Weight: 30.0%, Commission: $3.23)
2025-05-13 14:09:50,435 - EXIT LONG: 198.38 shares at 15.97 | P/L: -71.07 (Commission: $6.40)
2025-05-13 14:09:50,435 - ENTER LONG: 203.43 shares at 15.79 (Weight: 30.0%, Commission: $3.21)
2025-05-13 14:09:50,435 - EXIT LONG: 203.43 shares at 15.47 | P/L: -70.60 (Commission: $6.36)
2025-05-13 14:09:50,435 - ENTER LONG: 217.97 shares at 14.64 (Weight: 30.0%, Commission: $3.19)
2025-05-13 14:09:50,435 - EXIT LONG: 217.97 shares at 14.35 | P/L: -70.14 (Commission: $6.32)
2025-05-13 14:09:50,435 - ENTER LONG: 225.63 shares at 14.05 (Weight: 30.0%, Commission: $3.17)
2025-05-13 14:09:50,435 - ENTER LONG: 159.18 shares at 13.94 (Weight: 30.0%, Commission: $2.22)
2025-05-13 14:09:50,435 - EXIT LONG: 225.63 shares at 14.61 | P/L: 119.88 (Commission: $6.47)
2025-05-13 14:09:50,435 - EXIT LONG: 159.18 shares at 14.61 | P/L: 102.11 (Commission: $4.54)
2025-05-13 14:09:50,435 - ENTER LONG: 212.93 shares at 15.20 (Weight: 30.0%, Commission: $3.24)
2025-05-13 14:09:50,435 - EXIT LONG: 212.93 shares at 15.33 | P/L: 21.18 (Commission: $6.50)
2025-05-13 14:09:50,435 - ENTER LONG: 214.34 shares at 15.13 (Weight: 30.0%, Commission: $3.24)
2025-05-13 14:09:50,435 - EXIT LONG: 214.34 shares at 15.34 | P/L: 38.48 (Commission: $6.53)
2025-05-13 14:09:50,435 - ENTER LONG: 198.44 shares at 16.40 (Weight: 30.0%, Commission: $3.25)
2025-05-13 14:09:50,435 - EXIT LONG: 198.44 shares at 17.22 | P/L: 156.05 (Commission: $6.67)
2025-05-13 14:09:50,435 - ENTER LONG: 192.72 shares at 17.13 (Weight: 30.0%, Commission: $3.30)
2025-05-13 14:09:50,435 - EXIT LONG: 192.72 shares at 16.79 | P/L: -72.56 (Commission: $6.54)
2025-05-13 14:09:50,435 - ENTER LONG: 199.60 shares at 16.43 (Weight: 30.0%, Commission: $3.28)
2025-05-13 14:09:50,435 - ENTER LONG: 140.66 shares at 16.32 (Weight: 30.0%, Commission: $2.30)
2025-05-13 14:09:50,435 - EXIT LONG: 199.60 shares at 16.55 | P/L: 17.37 (Commission: $6.58)
2025-05-13 14:09:50,435 - EXIT LONG: 140.66 shares at 16.55 | P/L: 27.73 (Commission: $4.62)
2025-05-13 14:09:50,435 - ENTER LONG: 200.43 shares at 16.43 (Weight: 30.0%, Commission: $3.29)
2025-05-13 14:09:50,435 - ENTER LONG: 142.73 shares at 16.15 (Weight: 30.0%, Commission: $2.31)
2025-05-13 14:09:50,435 - EXIT LONG: 200.43 shares at 17.25 | P/L: 157.90 (Commission: $6.75)
2025-05-13 14:09:50,435 - EXIT LONG: 142.73 shares at 16.96 | P/L: 110.53 (Commission: $4.73)
2025-05-13 14:09:50,435 - ENTER LONG: 177.83 shares at 18.97 (Weight: 30.0%, Commission: $3.37)
2025-05-13 14:09:50,435 - ENTER LONG: 126.21 shares at 18.71 (Weight: 30.0%, Commission: $2.36)
2025-05-13 14:09:50,435 - EXIT LONG: 177.83 shares at 18.59 | P/L: -74.15 (Commission: $6.68)
2025-05-13 14:09:50,435 - EXIT LONG: 126.21 shares at 18.34 | P/L: -51.90 (Commission: $4.68)
2025-05-13 14:09:50,435 - ENTER LONG: 183.28 shares at 18.20 (Weight: 30.0%, Commission: $3.34)
2025-05-13 14:09:50,435 - ENTER LONG: 129.79 shares at 17.99 (Weight: 30.0%, Commission: $2.33)
2025-05-13 14:09:50,435 - EXIT LONG: 183.28 shares at 17.84 | P/L: -73.32 (Commission: $6.60)
2025-05-13 14:09:50,435 - EXIT LONG: 129.79 shares at 17.63 | P/L: -51.32 (Commission: $4.62)
2025-05-13 14:09:50,435 - ENTER LONG: 214.59 shares at 15.37 (Weight: 30.0%, Commission: $3.30)
2025-05-13 14:09:50,435 - EXIT LONG: 214.59 shares at 15.45 | P/L: 10.55 (Commission: $6.61)
2025-05-13 14:09:50,435 - ENTER LONG: 233.32 shares at 14.15 (Weight: 30.0%, Commission: $3.30)
2025-05-13 14:09:50,435 - EXIT LONG: 233.32 shares at 14.40 | P/L: 51.67 (Commission: $6.66)
2025-05-13 14:09:50,436 - ENTER LONG: 234.58 shares at 14.14 (Weight: 30.0%, Commission: $3.32)
2025-05-13 14:09:50,436 - EXIT LONG: 234.58 shares at 14.53 | P/L: 84.76 (Commission: $6.73)
2025-05-13 14:09:50,436 - ENTER LONG: 223.12 shares at 14.98 (Weight: 30.0%, Commission: $3.34)
2025-05-13 14:09:50,436 - EXIT LONG: 223.12 shares at 15.18 | P/L: 37.90 (Commission: $6.73)
2025-05-13 14:09:50,436 - ENTER LONG: 220.49 shares at 15.21 (Weight: 30.0%, Commission: $3.35)
2025-05-13 14:09:50,436 - ENTER LONG: 155.16 shares at 15.13 (Weight: 30.0%, Commission: $2.35)
2025-05-13 14:09:50,436 - EXIT LONG: 220.49 shares at 15.79 | P/L: 121.05 (Commission: $6.84)
2025-05-13 14:09:50,436 - EXIT LONG: 155.16 shares at 15.79 | P/L: 97.61 (Commission: $4.80)
2025-05-13 14:09:50,436 - ENTER LONG: 219.32 shares at 15.59 (Weight: 30.0%, Commission: $3.42)
2025-05-13 14:09:50,436 - EXIT LONG: 219.32 shares at 15.83 | P/L: 45.75 (Commission: $6.89)
2025-05-13 14:09:50,436 - ENTER LONG: 223.94 shares at 15.33 (Weight: 30.0%, Commission: $3.43)
2025-05-13 14:09:50,436 - EXIT LONG: 223.94 shares at 15.46 | P/L: 22.22 (Commission: $6.90)
2025-05-13 14:09:50,436 - ENTER LONG: 227.04 shares at 15.15 (Weight: 30.0%, Commission: $3.44)
2025-05-13 14:09:50,436 - EXIT LONG: 227.04 shares at 14.85 | P/L: -75.60 (Commission: $6.81)
2025-05-13 14:09:50,436 - ENTER LONG: 231.82 shares at 14.74 (Weight: 30.0%, Commission: $3.42)
2025-05-13 14:09:50,436 - EXIT LONG: 231.82 shares at 14.45 | P/L: -75.10 (Commission: $6.77)
2025-05-13 14:09:50,436 - ENTER LONG: 242.46 shares at 14.00 (Weight: 30.0%, Commission: $3.39)
2025-05-13 14:09:50,436 - EXIT LONG: 242.46 shares at 14.13 | P/L: 24.70 (Commission: $6.82)
2025-05-13 14:09:50,436 - ENTER LONG: 243.69 shares at 13.96 (Weight: 30.0%, Commission: $3.40)
2025-05-13 14:09:50,436 - EXIT LONG: 243.69 shares at 14.66 | P/L: 163.12 (Commission: $6.97)
2025-05-13 14:09:50,436 - ENTER LONG: 217.30 shares at 15.88 (Weight: 30.0%, Commission: $3.45)
2025-05-13 14:09:50,436 - EXIT LONG: 217.30 shares at 15.56 | P/L: -75.85 (Commission: $6.83)
2025-05-13 14:09:50,436 - ENTER LONG: 230.07 shares at 14.90 (Weight: 30.0%, Commission: $3.43)
2025-05-13 14:09:50,436 - EXIT LONG: 230.07 shares at 15.65 | P/L: 164.37 (Commission: $7.03)
2025-05-13 14:09:50,436 - ENTER LONG: 200.30 shares at 17.36 (Weight: 30.0%, Commission: $3.48)
2025-05-13 14:09:50,436 - EXIT LONG: 200.30 shares at 17.84 | P/L: 89.10 (Commission: $7.05)
2025-05-13 14:09:50,436 - ENTER LONG: 203.72 shares at 17.20 (Weight: 30.0%, Commission: $3.50)
2025-05-13 14:09:50,436 - ENTER LONG: 143.77 shares at 17.06 (Weight: 30.0%, Commission: $2.45)
2025-05-13 14:09:50,436 - EXIT LONG: 203.72 shares at 16.86 | P/L: -77.02 (Commission: $6.94)
2025-05-13 14:09:50,436 - EXIT LONG: 143.77 shares at 16.72 | P/L: -53.91 (Commission: $4.86)
2025-05-13 14:09:50,436 - ENTER LONG: 215.07 shares at 16.11 (Weight: 30.0%, Commission: $3.46)
2025-05-13 14:09:50,436 - EXIT LONG: 215.07 shares at 16.20 | P/L: 12.41 (Commission: $6.95)
2025-05-13 14:09:50,436 - ENTER LONG: 222.48 shares at 15.59 (Weight: 30.0%, Commission: $3.47)
2025-05-13 14:09:50,436 - ENTER LONG: 158.79 shares at 15.29 (Weight: 30.0%, Commission: $2.43)
2025-05-13 14:09:50,436 - EXIT LONG: 222.48 shares at 15.28 | P/L: -76.24 (Commission: $6.87)
2025-05-13 14:09:50,436 - ENTER LONG: 180.31 shares at 15.07 (Weight: 30.0%, Commission: $2.72)
2025-05-13 14:09:50,436 - EXIT LONG: 158.79 shares at 14.98 | P/L: -53.37 (Commission: $4.81)
2025-05-13 14:09:50,436 - EXIT LONG: 180.31 shares at 14.77 | P/L: -59.72 (Commission: $5.38)
2025-05-13 14:09:50,436 - ENTER LONG: 232.25 shares at 14.69 (Weight: 30.0%, Commission: $3.41)
2025-05-13 14:09:50,436 - EXIT LONG: 232.25 shares at 14.80 | P/L: 18.70 (Commission: $6.85)
2025-05-13 14:09:50,436 - ENTER LONG: 184.32 shares at 18.54 (Weight: 30.0%, Commission: $3.42)
2025-05-13 14:09:50,436 - EXIT LONG: 184.32 shares at 18.80 | P/L: 41.04 (Commission: $6.88)
2025-05-13 14:09:50,436 - ENTER LONG: 185.49 shares at 18.49 (Weight: 30.0%, Commission: $3.43)
2025-05-13 14:09:50,436 - ENTER LONG: 131.40 shares at 18.27 (Weight: 30.0%, Commission: $2.40)
2025-05-13 14:09:50,436 - EXIT LONG: 185.49 shares at 19.41 | P/L: 164.45 (Commission: $7.03)
2025-05-13 14:09:50,436 - EXIT LONG: 131.40 shares at 19.18 | P/L: 115.12 (Commission: $4.92)
2025-05-13 14:09:50,436 - ENTER LONG: 177.71 shares at 19.77 (Weight: 30.0%, Commission: $3.51)
2025-05-13 14:09:50,436 - EXIT LONG: 177.71 shares at 20.49 | P/L: 120.80 (Commission: $7.15)
2025-05-13 14:09:50,436 - ENTER LONG: 179.27 shares at 19.80 (Weight: 30.0%, Commission: $3.55)
2025-05-13 14:09:50,436 - ENTER LONG: 126.19 shares at 19.69 (Weight: 30.0%, Commission: $2.48)
2025-05-13 14:09:50,437 - EXIT LONG: 179.27 shares at 19.40 | P/L: -78.02 (Commission: $7.03)
2025-05-13 14:09:50,437 - EXIT LONG: 126.19 shares at 19.30 | P/L: -54.61 (Commission: $4.92)
2025-05-13 14:09:50,437 - ENTER LONG: 182.81 shares at 19.20 (Weight: 30.0%, Commission: $3.51)
2025-05-13 14:09:50,437 - ENTER LONG: 128.77 shares at 19.08 (Weight: 30.0%, Commission: $2.46)
2025-05-13 14:09:50,437 - EXIT LONG: 182.81 shares at 19.71 | P/L: 86.12 (Commission: $7.11)
2025-05-13 14:09:50,437 - EXIT LONG: 128.77 shares at 19.71 | P/L: 76.13 (Commission: $4.99)
2025-05-13 14:09:50,437 - ENTER LONG: 193.40 shares at 18.40 (Weight: 30.0%, Commission: $3.56)
2025-05-13 14:09:50,437 - ENTER LONG: 136.12 shares at 18.30 (Weight: 30.0%, Commission: $2.49)
2025-05-13 14:09:50,437 - EXIT LONG: 193.40 shares at 18.03 | P/L: -78.22 (Commission: $7.05)
2025-05-13 14:09:50,437 - EXIT LONG: 136.12 shares at 17.93 | P/L: -54.75 (Commission: $4.93)
2025-05-13 14:09:50,437 - ENTER LONG: 205.41 shares at 17.13 (Weight: 30.0%, Commission: $3.52)
2025-05-13 14:09:50,437 - EXIT LONG: 205.41 shares at 17.22 | P/L: 11.43 (Commission: $7.06)
2025-05-13 14:09:50,437 - ENTER LONG: 201.26 shares at 17.50 (Weight: 30.0%, Commission: $3.52)
2025-05-13 14:09:50,437 - EXIT LONG: 201.26 shares at 17.87 | P/L: 67.35 (Commission: $7.12)
2025-05-13 14:09:50,437 - ENTER LONG: 198.56 shares at 17.84 (Weight: 30.0%, Commission: $3.54)
2025-05-13 14:09:50,437 - EXIT LONG: 198.56 shares at 17.95 | P/L: 14.73 (Commission: $7.11)
2025-05-13 14:09:50,437 - ENTER LONG: 205.60 shares at 17.25 (Weight: 30.0%, Commission: $3.55)
2025-05-13 14:09:50,437 - EXIT LONG: 205.60 shares at 17.59 | P/L: 62.74 (Commission: $7.16)
2025-05-13 14:09:50,437 - ENTER LONG: 204.79 shares at 17.41 (Weight: 30.0%, Commission: $3.57)
2025-05-13 14:09:50,437 - EXIT LONG: 204.79 shares at 17.68 | P/L: 48.11 (Commission: $7.19)
2025-05-13 14:09:50,437 - ENTER LONG: 204.92 shares at 17.47 (Weight: 30.0%, Commission: $3.58)
2025-05-13 14:09:50,437 - EXIT LONG: 204.92 shares at 17.56 | P/L: 11.26 (Commission: $7.18)
2025-05-13 14:09:50,437 - ENTER LONG: 208.69 shares at 17.17 (Weight: 30.0%, Commission: $3.58)
2025-05-13 14:09:50,437 - EXIT LONG: 208.69 shares at 16.83 | P/L: -78.76 (Commission: $7.09)
2025-05-13 14:09:50,437 - ENTER LONG: 214.70 shares at 16.58 (Weight: 30.0%, Commission: $3.56)
2025-05-13 14:09:50,437 - EXIT LONG: 214.70 shares at 16.25 | P/L: -78.24 (Commission: $7.05)
2025-05-13 14:09:50,437 - ENTER LONG: 219.78 shares at 16.09 (Weight: 30.0%, Commission: $3.54)
2025-05-13 14:09:50,437 - EXIT LONG: 219.78 shares at 16.25 | P/L: 28.06 (Commission: $7.11)
2025-05-13 14:09:50,437 - ENTER LONG: 221.82 shares at 15.98 (Weight: 30.0%, Commission: $3.54)
2025-05-13 14:09:50,437 - EXIT LONG: 221.82 shares at 16.67 | P/L: 145.81 (Commission: $7.24)
2025-05-13 14:09:50,437 - ENTER LONG: 218.93 shares at 16.39 (Weight: 30.0%, Commission: $3.59)
2025-05-13 14:09:50,437 - EXIT LONG: 218.93 shares at 16.79 | P/L: 80.31 (Commission: $7.26)
2025-05-13 14:09:50,437 - ENTER LONG: 216.57 shares at 16.68 (Weight: 30.0%, Commission: $3.61)
2025-05-13 14:09:50,437 - ENTER LONG: 152.97 shares at 16.53 (Weight: 30.0%, Commission: $2.53)
2025-05-13 14:09:50,437 - ENTER LONG: 108.00 shares at 16.39 (Weight: 30.0%, Commission: $1.77)
2025-05-13 14:09:50,437 - EXIT LONG: 216.57 shares at 16.78 | P/L: 14.41 (Commission: $7.25)
2025-05-13 14:09:50,437 - EXIT LONG: 152.97 shares at 16.78 | P/L: 33.15 (Commission: $5.10)
2025-05-13 14:09:50,437 - EXIT LONG: 108.00 shares at 16.78 | P/L: 38.54 (Commission: $3.58)
2025-05-13 14:09:50,437 - ENTER LONG: 209.94 shares at 17.33 (Weight: 30.0%, Commission: $3.64)
2025-05-13 14:09:50,437 - EXIT LONG: 209.94 shares at 16.98 | P/L: -79.97 (Commission: $7.20)
2025-05-13 14:09:50,437 - ENTER LONG: 215.77 shares at 16.75 (Weight: 30.0%, Commission: $3.61)
2025-05-13 14:09:50,437 - EXIT LONG: 215.77 shares at 16.41 | P/L: -79.44 (Commission: $7.16)
2025-05-13 14:09:50,437 - ENTER LONG: 214.48 shares at 16.74 (Weight: 30.0%, Commission: $3.59)
2025-05-13 14:09:50,437 - EXIT LONG: 214.48 shares at 16.41 | P/L: -78.92 (Commission: $7.11)
2025-05-13 14:09:50,437 - ENTER LONG: 213.32 shares at 16.72 (Weight: 30.0%, Commission: $3.57)
2025-05-13 14:09:50,437 - EXIT LONG: 213.32 shares at 17.56 | P/L: 171.03 (Commission: $7.31)
2025-05-13 14:09:50,437 - ENTER LONG: 148.40 shares at 24.38 (Weight: 30.0%, Commission: $3.62)
2025-05-13 14:09:50,437 - EXIT LONG: 148.40 shares at 25.05 | P/L: 92.09 (Commission: $7.34)
2025-05-13 14:09:50,437 - ENTER LONG: 151.84 shares at 24.01 (Weight: 30.0%, Commission: $3.65)
2025-05-13 14:09:50,437 - EXIT LONG: 151.84 shares at 25.19 | P/L: 171.70 (Commission: $7.47)
2025-05-13 14:09:50,437 - ENTER LONG: 151.27 shares at 24.44 (Weight: 30.0%, Commission: $3.70)
2025-05-13 14:09:50,437 - EXIT LONG: 151.27 shares at 23.95 | P/L: -81.26 (Commission: $7.32)
2025-05-13 14:09:50,438 - ENTER LONG: 156.95 shares at 23.40 (Weight: 30.0%, Commission: $3.67)
2025-05-13 14:09:50,438 - EXIT LONG: 156.95 shares at 22.93 | P/L: -80.73 (Commission: $7.27)
2025-05-13 14:09:50,438 - ENTER LONG: 160.45 shares at 22.74 (Weight: 30.0%, Commission: $3.65)
2025-05-13 14:09:50,438 - EXIT LONG: 160.45 shares at 23.59 | P/L: 128.95 (Commission: $7.43)
2025-05-13 14:09:50,438 - ENTER LONG: 160.52 shares at 22.97 (Weight: 30.0%, Commission: $3.69)
2025-05-13 14:09:50,438 - EXIT LONG: 160.52 shares at 23.56 | P/L: 87.24 (Commission: $7.47)
2025-05-13 14:09:50,438 - ENTER LONG: 148.95 shares at 24.93 (Weight: 30.0%, Commission: $3.71)
2025-05-13 14:09:50,438 - EXIT LONG: 148.95 shares at 24.43 | P/L: -81.62 (Commission: $7.35)
2025-05-13 14:09:50,438 - ENTER LONG: 153.45 shares at 24.04 (Weight: 30.0%, Commission: $3.69)
2025-05-13 14:09:50,438 - ENTER LONG: 108.45 shares at 23.81 (Weight: 30.0%, Commission: $2.58)
2025-05-13 14:09:50,438 - EXIT LONG: 153.45 shares at 25.24 | P/L: 176.88 (Commission: $7.56)
2025-05-13 14:09:50,438 - EXIT LONG: 108.45 shares at 25.00 | P/L: 123.82 (Commission: $5.29)
2025-05-13 14:09:50,438 - ENTER LONG: 145.12 shares at 26.04 (Weight: 30.0%, Commission: $3.78)
2025-05-13 14:09:50,438 - EXIT LONG: 145.12 shares at 25.52 | P/L: -83.06 (Commission: $7.48)
2025-05-13 14:09:50,438 - ENTER LONG: 148.09 shares at 25.35 (Weight: 30.0%, Commission: $3.75)
2025-05-13 14:09:50,438 - EXIT LONG: 148.09 shares at 24.84 | P/L: -82.51 (Commission: $7.43)
2025-05-13 14:09:50,438 - ENTER LONG: 150.99 shares at 24.70 (Weight: 30.0%, Commission: $3.73)
2025-05-13 14:09:50,438 - EXIT LONG: 150.99 shares at 25.00 | P/L: 37.79 (Commission: $7.50)
2025-05-13 14:09:50,438 - ENTER LONG: 153.12 shares at 24.43 (Weight: 30.0%, Commission: $3.74)
2025-05-13 14:09:50,438 - EXIT LONG: 153.12 shares at 23.94 | P/L: -82.22 (Commission: $7.41)
2025-05-13 14:09:50,438 - ENTER LONG: 158.20 shares at 23.49 (Weight: 30.0%, Commission: $3.72)
2025-05-13 14:09:50,438 - EXIT LONG: 158.20 shares at 24.00 | P/L: 73.17 (Commission: $7.51)
2025-05-13 14:09:50,438 - ENTER LONG: 157.06 shares at 23.80 (Weight: 30.0%, Commission: $3.74)
2025-05-13 14:09:50,438 - EXIT LONG: 157.06 shares at 24.57 | P/L: 113.34 (Commission: $7.60)
2025-05-13 14:09:50,438 - ENTER LONG: 155.99 shares at 24.18 (Weight: 30.0%, Commission: $3.77)
2025-05-13 14:09:50,438 - EXIT LONG: 155.99 shares at 24.51 | P/L: 43.88 (Commission: $7.60)
2025-05-13 14:09:50,438 - ENTER LONG: 154.43 shares at 24.51 (Weight: 30.0%, Commission: $3.79)
2025-05-13 14:09:50,438 - EXIT LONG: 154.43 shares at 24.02 | P/L: -83.20 (Commission: $7.49)
2025-05-13 14:09:50,438 - ENTER LONG: 163.41 shares at 23.01 (Weight: 30.0%, Commission: $3.76)
2025-05-13 14:09:50,438 - EXIT LONG: 163.41 shares at 22.55 | P/L: -82.65 (Commission: $7.45)
2025-05-13 14:09:50,438 - ENTER LONG: 163.76 shares at 22.81 (Weight: 30.0%, Commission: $3.74)
2025-05-13 14:09:50,438 - EXIT LONG: 163.76 shares at 22.84 | P/L: -2.56 (Commission: $7.48)
2025-05-13 14:09:50,438 - ENTER LONG: 164.74 shares at 22.67 (Weight: 30.0%, Commission: $3.73)
2025-05-13 14:09:50,438 - EXIT LONG: 164.74 shares at 22.22 | P/L: -82.09 (Commission: $7.39)
2025-05-13 14:09:50,438 - ENTER LONG: 168.87 shares at 21.97 (Weight: 30.0%, Commission: $3.71)
2025-05-13 14:09:50,438 - EXIT LONG: 168.87 shares at 22.12 | P/L: 17.88 (Commission: $7.45)
2025-05-13 14:09:50,438 - ENTER LONG: 173.62 shares at 21.40 (Weight: 30.0%, Commission: $3.72)
2025-05-13 14:09:50,438 - EXIT LONG: 173.62 shares at 21.56 | P/L: 20.32 (Commission: $7.46)
2025-05-13 14:09:50,438 - ENTER LONG: 176.04 shares at 21.14 (Weight: 30.0%, Commission: $3.72)
2025-05-13 14:09:50,438 - EXIT LONG: 176.04 shares at 20.72 | P/L: -81.80 (Commission: $7.37)
2025-05-13 14:09:50,438 - ENTER LONG: 179.46 shares at 20.60 (Weight: 30.0%, Commission: $3.70)
2025-05-13 14:09:50,438 - EXIT LONG: 179.46 shares at 20.94 | P/L: 53.56 (Commission: $7.45)
2025-05-13 14:09:50,438 - ENTER LONG: 171.74 shares at 21.62 (Weight: 30.0%, Commission: $3.71)
2025-05-13 14:09:50,438 - ENTER LONG: 122.37 shares at 21.24 (Weight: 30.0%, Commission: $2.60)
2025-05-13 14:09:50,438 - EXIT LONG: 171.74 shares at 21.19 | P/L: -81.61 (Commission: $7.35)
2025-05-13 14:09:50,438 - EXIT LONG: 122.37 shares at 20.82 | P/L: -57.13 (Commission: $5.15)
2025-05-13 14:09:50,439 - ENTER LONG: 177.19 shares at 20.72 (Weight: 30.0%, Commission: $3.67)
2025-05-13 14:09:50,439 - EXIT LONG: 177.19 shares at 21.01 | P/L: 43.99 (Commission: $7.39)
2025-05-13 14:09:50,439 - ENTER LONG: 175.96 shares at 20.94 (Weight: 30.0%, Commission: $3.68)
2025-05-13 14:09:50,439 - EXIT LONG: 175.96 shares at 21.73 | P/L: 131.50 (Commission: $7.51)
2025-05-13 14:09:50,439 - ENTER LONG: 174.67 shares at 21.32 (Weight: 30.0%, Commission: $3.72)
2025-05-13 14:09:50,439 - EXIT LONG: 174.67 shares at 22.10 | P/L: 128.66 (Commission: $7.58)
2025-05-13 14:09:50,439 - ENTER LONG: 161.41 shares at 23.31 (Weight: 30.0%, Commission: $3.76)
2025-05-13 14:09:50,439 - ENTER LONG: 113.87 shares at 23.13 (Weight: 30.0%, Commission: $2.63)
2025-05-13 14:09:50,439 - EXIT LONG: 161.41 shares at 23.85 | P/L: 79.55 (Commission: $7.61)
2025-05-13 14:09:50,439 - EXIT LONG: 113.87 shares at 23.85 | P/L: 76.64 (Commission: $5.35)
2025-05-13 14:09:50,439 - ENTER LONG: 163.70 shares at 23.27 (Weight: 30.0%, Commission: $3.81)
2025-05-13 14:09:50,439 - EXIT LONG: 163.70 shares at 23.57 | P/L: 41.44 (Commission: $7.67)
2025-05-13 14:09:50,439 - ENTER LONG: 149.52 shares at 25.56 (Weight: 30.0%, Commission: $3.82)
2025-05-13 14:09:50,439 - EXIT LONG: 149.52 shares at 25.05 | P/L: -84.00 (Commission: $7.57)
2025-05-13 14:09:50,439 - ENTER LONG: 159.25 shares at 23.84 (Weight: 30.0%, Commission: $3.80)
2025-05-13 14:09:50,439 - EXIT LONG: 159.25 shares at 24.16 | P/L: 43.32 (Commission: $7.64)
2025-05-13 14:09:50,439 - ENTER LONG: 158.08 shares at 24.10 (Weight: 30.0%, Commission: $3.81)
2025-05-13 14:09:50,439 - EXIT LONG: 158.08 shares at 25.22 | P/L: 169.25 (Commission: $7.80)
2025-05-13 14:09:50,439 - ENTER LONG: 140.94 shares at 27.39 (Weight: 30.0%, Commission: $3.86)
2025-05-13 14:09:50,439 - EXIT LONG: 140.94 shares at 28.42 | P/L: 137.30 (Commission: $7.87)
2025-05-13 14:09:50,439 - ENTER LONG: 141.15 shares at 27.64 (Weight: 30.0%, Commission: $3.90)
2025-05-13 14:09:50,439 - EXIT LONG: 141.15 shares at 28.07 | P/L: 52.83 (Commission: $7.86)
2025-05-13 14:09:50,439 - ENTER LONG: 138.81 shares at 28.22 (Weight: 30.0%, Commission: $3.92)
2025-05-13 14:09:50,439 - EXIT LONG: 138.81 shares at 28.64 | P/L: 50.41 (Commission: $7.89)
2025-05-13 14:09:50,439 - ENTER LONG: 147.84 shares at 26.60 (Weight: 30.0%, Commission: $3.93)
2025-05-13 14:09:50,439 - EXIT LONG: 147.84 shares at 27.18 | P/L: 77.79 (Commission: $7.95)
2025-05-13 14:09:50,439 - ENTER LONG: 150.01 shares at 26.37 (Weight: 30.0%, Commission: $3.96)
2025-05-13 14:09:50,439 - EXIT LONG: 150.01 shares at 26.89 | P/L: 70.02 (Commission: $7.99)
2025-05-13 14:09:50,439 - ENTER LONG: 152.48 shares at 26.08 (Weight: 30.0%, Commission: $3.98)
2025-05-13 14:09:50,439 - EXIT LONG: 152.48 shares at 25.56 | P/L: -87.41 (Commission: $7.87)
2025-05-13 14:09:50,439 - ENTER LONG: 159.68 shares at 24.74 (Weight: 30.0%, Commission: $3.95)
2025-05-13 14:09:50,439 - EXIT LONG: 159.68 shares at 24.25 | P/L: -86.83 (Commission: $7.82)
2025-05-13 14:09:50,439 - ENTER LONG: 162.91 shares at 24.09 (Weight: 30.0%, Commission: $3.92)
2025-05-13 14:09:50,439 - EXIT LONG: 162.91 shares at 25.29 | P/L: 188.18 (Commission: $8.05)
2025-05-13 14:09:50,439 - ENTER LONG: 151.25 shares at 26.32 (Weight: 30.0%, Commission: $3.98)
2025-05-13 14:09:50,439 - EXIT LONG: 151.25 shares at 27.64 | P/L: 190.88 (Commission: $8.16)
2025-05-13 14:09:50,439 - ENTER LONG: 137.44 shares at 29.38 (Weight: 30.0%, Commission: $4.04)
2025-05-13 14:09:50,439 - EXIT LONG: 137.44 shares at 30.39 | P/L: 130.60 (Commission: $8.22)
2025-05-13 14:09:50,440 - ENTER LONG: 126.15 shares at 32.32 (Weight: 30.0%, Commission: $4.08)
2025-05-13 14:09:50,440 - EXIT LONG: 126.15 shares at 32.54 | P/L: 19.57 (Commission: $8.18)
2025-05-13 14:09:50,440 - ENTER LONG: 127.92 shares at 31.92 (Weight: 30.0%, Commission: $4.08)
2025-05-13 14:09:50,440 - EXIT LONG: 127.92 shares at 31.28 | P/L: -89.75 (Commission: $8.08)
2025-05-13 14:09:50,440 - ENTER LONG: 131.48 shares at 30.85 (Weight: 30.0%, Commission: $4.06)
2025-05-13 14:09:50,440 - ENTER LONG: 93.52 shares at 30.36 (Weight: 30.0%, Commission: $2.84)
2025-05-13 14:09:50,440 - EXIT LONG: 131.48 shares at 31.00 | P/L: 11.59 (Commission: $8.13)
2025-05-13 14:09:50,440 - EXIT LONG: 93.52 shares at 31.00 | P/L: 54.12 (Commission: $5.74)
2025-05-13 14:09:50,440 - ENTER LONG: 133.59 shares at 30.51 (Weight: 30.0%, Commission: $4.08)
2025-05-13 14:09:50,440 - ENTER LONG: 94.60 shares at 30.16 (Weight: 30.0%, Commission: $2.85)
2025-05-13 14:09:50,440 - EXIT LONG: 133.59 shares at 30.33 | P/L: -32.17 (Commission: $8.13)
2025-05-13 14:09:50,440 - EXIT LONG: 94.60 shares at 30.33 | P/L: 10.36 (Commission: $5.72)
2025-05-13 14:09:50,440 - ENTER LONG: 110.28 shares at 36.90 (Weight: 30.0%, Commission: $4.07)
2025-05-13 14:09:50,440 - EXIT LONG: 110.28 shares at 37.12 | P/L: 16.10 (Commission: $8.16)
2025-05-13 14:09:50,440 - ENTER LONG: 110.59 shares at 36.84 (Weight: 30.0%, Commission: $4.07)
2025-05-13 14:09:50,440 - EXIT LONG: 110.59 shares at 37.20 | P/L: 31.62 (Commission: $8.19)
2025-05-13 14:09:50,440 - ENTER LONG: 112.00 shares at 36.46 (Weight: 30.0%, Commission: $4.08)
2025-05-13 14:09:50,440 - EXIT LONG: 112.00 shares at 37.49 | P/L: 107.08 (Commission: $8.28)
2025-05-13 14:09:50,440 - ENTER LONG: 105.83 shares at 38.89 (Weight: 30.0%, Commission: $4.12)
2025-05-13 14:09:50,440 - EXIT LONG: 105.83 shares at 40.83 | P/L: 197.35 (Commission: $8.44)
2025-05-13 14:09:50,440 - ENTER LONG: 98.40 shares at 42.43 (Weight: 30.0%, Commission: $4.17)
2025-05-13 14:09:50,440 - ENTER LONG: 69.70 shares at 41.93 (Weight: 30.0%, Commission: $2.92)
2025-05-13 14:09:50,440 - EXIT LONG: 98.40 shares at 42.97 | P/L: 44.73 (Commission: $8.40)
2025-05-13 14:09:50,440 - EXIT LONG: 69.70 shares at 42.97 | P/L: 66.57 (Commission: $5.92)
2025-05-13 14:09:50,440 - ENTER LONG: 98.55 shares at 42.70 (Weight: 30.0%, Commission: $4.21)
2025-05-13 14:09:50,440 - EXIT LONG: 98.55 shares at 42.94 | P/L: 15.21 (Commission: $8.44)
2025-05-13 14:09:50,440 - ENTER LONG: 98.92 shares at 42.59 (Weight: 30.0%, Commission: $4.21)
2025-05-13 14:09:50,440 - EXIT LONG: 98.92 shares at 43.56 | P/L: 87.43 (Commission: $8.52)
2025-05-13 14:09:50,440 - ENTER LONG: 97.03 shares at 43.69 (Weight: 30.0%, Commission: $4.24)
2025-05-13 14:09:50,440 - EXIT LONG: 97.03 shares at 42.82 | P/L: -93.17 (Commission: $8.39)
2025-05-13 14:09:50,440 - ENTER LONG: 101.33 shares at 41.56 (Weight: 30.0%, Commission: $4.21)
2025-05-13 14:09:50,440 - EXIT LONG: 101.33 shares at 41.92 | P/L: 28.02 (Commission: $8.46)
2025-05-13 14:09:50,440 - ENTER LONG: 101.90 shares at 41.41 (Weight: 30.0%, Commission: $4.22)
2025-05-13 14:09:50,440 - EXIT LONG: 101.90 shares at 43.48 | P/L: 202.33 (Commission: $8.65)
2025-05-13 14:09:50,440 - ENTER LONG: 71.51 shares at 59.85 (Weight: 30.0%, Commission: $4.28)
2025-05-13 14:09:50,440 - EXIT LONG: 71.51 shares at 60.70 | P/L: 52.17 (Commission: $8.62)
2025-05-13 14:09:50,440 - ENTER LONG: 72.59 shares at 59.18 (Weight: 30.0%, Commission: $4.30)
2025-05-13 14:09:50,440 - EXIT LONG: 72.59 shares at 62.14 | P/L: 205.98 (Commission: $8.81)
2025-05-13 14:09:50,440 - ENTER LONG: 71.13 shares at 61.26 (Weight: 30.0%, Commission: $4.36)
2025-05-13 14:09:50,440 - EXIT LONG: 71.13 shares at 62.98 | P/L: 113.51 (Commission: $8.84)
2025-05-13 14:09:50,441 - ENTER LONG: 70.69 shares at 62.12 (Weight: 30.0%, Commission: $4.39)
2025-05-13 14:09:50,441 - ENTER LONG: 50.10 shares at 61.36 (Weight: 30.0%, Commission: $3.07)
2025-05-13 14:09:50,441 - EXIT LONG: 70.69 shares at 64.35 | P/L: 148.71 (Commission: $8.94)
2025-05-13 14:09:50,441 - EXIT LONG: 50.10 shares at 64.35 | P/L: 143.50 (Commission: $6.30)
2025-05-13 14:09:50,441 - ENTER LONG: 67.47 shares at 66.39 (Weight: 30.0%, Commission: $4.48)
2025-05-13 14:09:50,441 - EXIT LONG: 67.47 shares at 69.71 | P/L: 214.77 (Commission: $9.18)
2025-05-13 14:09:50,441 - ENTER LONG: 65.05 shares at 69.85 (Weight: 30.0%, Commission: $4.54)
2025-05-13 14:09:50,441 - EXIT LONG: 65.05 shares at 71.87 | P/L: 122.17 (Commission: $9.22)
2025-05-13 14:09:50,441 - ENTER LONG: 63.21 shares at 72.46 (Weight: 30.0%, Commission: $4.58)
2025-05-13 14:09:50,441 - EXIT LONG: 63.21 shares at 71.01 | P/L: -100.67 (Commission: $9.07)
2025-05-13 14:09:50,441 - ENTER LONG: 64.18 shares at 70.89 (Weight: 30.0%, Commission: $4.55)
2025-05-13 14:09:50,441 - EXIT LONG: 64.18 shares at 72.51 | P/L: 94.77 (Commission: $9.20)
2025-05-13 14:09:50,441 - ENTER LONG: 61.54 shares at 74.39 (Weight: 30.0%, Commission: $4.58)
2025-05-13 14:09:50,441 - EXIT LONG: 61.54 shares at 72.90 | P/L: -100.63 (Commission: $9.07)
2025-05-13 14:09:50,441 - ENTER LONG: 63.60 shares at 71.51 (Weight: 30.0%, Commission: $4.55)
2025-05-13 14:09:50,441 - EXIT LONG: 63.60 shares at 74.21 | P/L: 162.46 (Commission: $9.27)
2025-05-13 14:09:50,441 - ENTER LONG: 58.13 shares at 79.08 (Weight: 30.0%, Commission: $4.60)
2025-05-13 14:09:50,441 - EXIT LONG: 58.13 shares at 77.50 | P/L: -101.04 (Commission: $9.10)
2025-05-13 14:09:50,441 - ENTER LONG: 59.17 shares at 77.18 (Weight: 30.0%, Commission: $4.57)
2025-05-13 14:09:50,441 - EXIT LONG: 59.17 shares at 75.64 | P/L: -100.37 (Commission: $9.04)
2025-05-13 14:09:50,441 - ENTER LONG: 59.98 shares at 75.63 (Weight: 30.0%, Commission: $4.54)
2025-05-13 14:09:50,441 - ENTER LONG: 42.23 shares at 75.19 (Weight: 30.0%, Commission: $3.18)
2025-05-13 14:09:50,441 - EXIT LONG: 59.98 shares at 79.41 | P/L: 217.52 (Commission: $9.30)
2025-05-13 14:09:50,441 - EXIT LONG: 42.23 shares at 78.95 | P/L: 152.27 (Commission: $6.51)
2025-05-13 14:09:50,441 - ENTER LONG: 61.21 shares at 75.92 (Weight: 30.0%, Commission: $4.65)
2025-05-13 14:09:50,441 - EXIT LONG: 61.21 shares at 74.40 | P/L: -102.15 (Commission: $9.20)
2025-05-13 14:09:50,441 - ENTER LONG: 65.96 shares at 69.99 (Weight: 30.0%, Commission: $4.62)
2025-05-13 14:09:50,441 - EXIT LONG: 65.96 shares at 68.59 | P/L: -101.48 (Commission: $9.14)
2025-05-13 14:09:50,441 - ENTER LONG: 60.79 shares at 75.44 (Weight: 30.0%, Commission: $4.59)
2025-05-13 14:09:50,441 - EXIT LONG: 60.79 shares at 79.21 | P/L: 219.91 (Commission: $9.40)
2025-05-13 14:09:50,441 - ENTER LONG: 58.33 shares at 79.76 (Weight: 30.0%, Commission: $4.65)
2025-05-13 14:09:50,441 - EXIT LONG: 58.33 shares at 81.22 | P/L: 75.77 (Commission: $9.39)
2025-05-13 14:09:50,441 - ENTER LONG: 46.12 shares at 101.36 (Weight: 30.0%, Commission: $4.67)
2025-05-13 14:09:50,441 - EXIT LONG: 46.12 shares at 106.43 | P/L: 224.16 (Commission: $9.58)
2025-05-13 14:09:50,441 - ENTER LONG: 42.11 shares at 112.62 (Weight: 30.0%, Commission: $4.74)
2025-05-13 14:09:50,441 - EXIT LONG: 42.11 shares at 117.39 | P/L: 191.17 (Commission: $9.69)
2025-05-13 14:09:50,441 - ENTER LONG: 42.83 shares at 112.06 (Weight: 30.0%, Commission: $4.80)
2025-05-13 14:09:50,441 - EXIT LONG: 42.83 shares at 109.82 | P/L: -105.49 (Commission: $9.50)
2025-05-13 14:09:50,441 - ENTER LONG: 44.86 shares at 106.27 (Weight: 30.0%, Commission: $4.77)
2025-05-13 14:09:50,441 - EXIT LONG: 44.86 shares at 104.14 | P/L: -104.80 (Commission: $9.44)
2025-05-13 14:09:50,441 - ENTER LONG: 46.73 shares at 101.35 (Weight: 30.0%, Commission: $4.74)
2025-05-13 14:09:50,441 - EXIT LONG: 46.73 shares at 99.32 | P/L: -104.11 (Commission: $9.38)
2025-05-13 14:09:50,442 - ENTER LONG: 51.89 shares at 90.68 (Weight: 30.0%, Commission: $4.71)
2025-05-13 14:09:50,442 - EXIT LONG: 51.89 shares at 88.87 | P/L: -103.42 (Commission: $9.32)
2025-05-13 14:09:50,442 - ENTER LONG: 53.21 shares at 87.84 (Weight: 30.0%, Commission: $4.67)
2025-05-13 14:09:50,442 - EXIT LONG: 53.21 shares at 89.31 | P/L: 68.80 (Commission: $9.43)
2025-05-13 14:09:50,442 - ENTER LONG: 55.38 shares at 84.77 (Weight: 30.0%, Commission: $4.69)
2025-05-13 14:09:50,442 - EXIT LONG: 55.38 shares at 84.40 | P/L: -29.86 (Commission: $9.37)
2025-05-13 14:09:50,442 - ENTER LONG: 58.24 shares at 80.46 (Weight: 30.0%, Commission: $4.69)
2025-05-13 14:09:50,442 - EXIT LONG: 58.24 shares at 84.48 | P/L: 224.69 (Commission: $9.61)
2025-05-13 14:09:50,442 - ENTER LONG: 62.23 shares at 76.38 (Weight: 30.0%, Commission: $4.75)
2025-05-13 14:09:50,442 - EXIT LONG: 62.23 shares at 78.05 | P/L: 94.31 (Commission: $9.61)
2025-05-13 14:09:50,442 - ENTER LONG: 60.05 shares at 79.62 (Weight: 30.0%, Commission: $4.78)
2025-05-13 14:09:50,442 - EXIT LONG: 60.05 shares at 83.60 | P/L: 229.27 (Commission: $9.80)
2025-05-13 14:09:50,442 - ENTER LONG: 57.82 shares at 83.89 (Weight: 30.0%, Commission: $4.85)
2025-05-13 14:09:50,442 - EXIT LONG: 57.82 shares at 86.10 | P/L: 117.94 (Commission: $9.83)
2025-05-13 14:09:50,442 - ENTER LONG: 52.94 shares at 92.28 (Weight: 30.0%, Commission: $4.89)
2025-05-13 14:09:50,442 - EXIT LONG: 52.94 shares at 90.43 | P/L: -107.38 (Commission: $9.67)
2025-05-13 14:09:50,442 - ENTER LONG: 53.87 shares at 90.09 (Weight: 30.0%, Commission: $4.85)
2025-05-13 14:09:50,442 - EXIT LONG: 53.87 shares at 88.29 | P/L: -106.68 (Commission: $9.61)
2025-05-13 14:09:50,442 - ENTER LONG: 56.16 shares at 85.85 (Weight: 30.0%, Commission: $4.82)
2025-05-13 14:09:50,442 - ENTER LONG: 39.99 shares at 84.40 (Weight: 30.0%, Commission: $3.37)
2025-05-13 14:09:50,442 - EXIT LONG: 56.16 shares at 87.45 | P/L: 80.12 (Commission: $9.73)
2025-05-13 14:09:50,442 - EXIT LONG: 39.99 shares at 87.45 | P/L: 115.09 (Commission: $6.87)
2025-05-13 14:09:50,442 - ENTER LONG: 58.37 shares at 83.60 (Weight: 30.0%, Commission: $4.88)
2025-05-13 14:09:50,442 - EXIT LONG: 58.37 shares at 81.93 | P/L: -107.26 (Commission: $9.66)
2025-05-13 14:09:50,442 - ENTER LONG: 65.50 shares at 74.01 (Weight: 30.0%, Commission: $4.85)
2025-05-13 14:09:50,442 - EXIT LONG: 65.50 shares at 77.71 | P/L: 232.45 (Commission: $9.94)
2025-05-13 14:09:50,442 - ENTER LONG: 63.60 shares at 77.32 (Weight: 30.0%, Commission: $4.92)
2025-05-13 14:09:50,442 - EXIT LONG: 63.60 shares at 81.19 | P/L: 235.79 (Commission: $10.08)
2025-05-13 14:09:50,442 - ENTER LONG: 56.30 shares at 88.59 (Weight: 30.0%, Commission: $4.99)
2025-05-13 14:09:50,442 - EXIT LONG: 56.30 shares at 92.62 | P/L: 216.70 (Commission: $10.20)
2025-05-13 14:09:50,442 - ENTER LONG: 54.50 shares at 92.71 (Weight: 30.0%, Commission: $5.05)
2025-05-13 14:09:50,442 - EXIT LONG: 54.50 shares at 93.78 | P/L: 48.15 (Commission: $10.16)
2025-05-13 14:09:50,442 - ENTER LONG: 55.81 shares at 90.80 (Weight: 30.0%, Commission: $5.07)
2025-05-13 14:09:50,442 - EXIT LONG: 55.81 shares at 93.99 | P/L: 167.72 (Commission: $10.31)
2025-05-13 14:09:50,442 - ENTER LONG: 44.04 shares at 116.20 (Weight: 30.0%, Commission: $5.12)
2025-05-13 14:09:50,442 - EXIT LONG: 44.04 shares at 122.01 | P/L: 245.39 (Commission: $10.49)
2025-05-13 14:09:50,442 - ENTER LONG: 47.69 shares at 108.86 (Weight: 30.0%, Commission: $5.19)
2025-05-13 14:09:50,442 - EXIT LONG: 47.69 shares at 110.48 | P/L: 66.79 (Commission: $10.46)
2025-05-13 14:09:50,442 - ENTER LONG: 44.43 shares at 117.30 (Weight: 30.0%, Commission: $5.21)
2025-05-13 14:09:50,442 - EXIT LONG: 44.43 shares at 118.46 | P/L: 41.06 (Commission: $10.47)
2025-05-13 16:39:27,378 - ENTER LONG: 316.47 shares at 9.47 (Weight: 30.0%, Commission: $3.00)
2025-05-13 16:39:27,379 - EXIT LONG: 316.47 shares at 9.94 | P/L: 143.71 (Commission: $6.14)
2025-05-13 16:39:27,379 - ENTER LONG: 248.57 shares at 12.23 (Weight: 30.0%, Commission: $3.04)
2025-05-13 16:39:27,379 - EXIT LONG: 248.57 shares at 12.84 | P/L: 145.40 (Commission: $6.23)
2025-05-13 16:39:27,379 - ENTER LONG: 212.08 shares at 14.54 (Weight: 30.0%, Commission: $3.08)
2025-05-13 16:39:27,379 - EXIT LONG: 212.08 shares at 15.24 | P/L: 142.14 (Commission: $6.32)
2025-05-13 16:39:27,379 - ENTER LONG: 212.81 shares at 14.69 (Weight: 30.0%, Commission: $3.13)
2025-05-13 16:39:27,379 - EXIT LONG: 212.81 shares at 15.19 | P/L: 100.05 (Commission: $6.36)
2025-05-13 16:39:27,379 - ENTER LONG: 210.14 shares at 15.02 (Weight: 30.0%, Commission: $3.16)
2025-05-13 16:39:27,379 - EXIT LONG: 210.14 shares at 15.65 | P/L: 125.94 (Commission: $6.44)
2025-05-13 16:39:27,379 - ENTER LONG: 200.75 shares at 15.91 (Weight: 30.0%, Commission: $3.19)
2025-05-13 16:39:27,379 - EXIT LONG: 200.75 shares at 16.60 | P/L: 131.99 (Commission: $6.53)
2025-05-13 16:39:27,379 - ENTER LONG: 198.38 shares at 16.30 (Weight: 30.0%, Commission: $3.23)
2025-05-13 16:39:27,379 - EXIT LONG: 198.38 shares at 15.97 | P/L: -71.07 (Commission: $6.40)
2025-05-13 16:39:27,379 - ENTER LONG: 203.43 shares at 15.79 (Weight: 30.0%, Commission: $3.21)
2025-05-13 16:39:27,379 - EXIT LONG: 203.43 shares at 15.47 | P/L: -70.60 (Commission: $6.36)
2025-05-13 16:39:27,379 - ENTER LONG: 217.97 shares at 14.64 (Weight: 30.0%, Commission: $3.19)
2025-05-13 16:39:27,379 - EXIT LONG: 217.97 shares at 14.35 | P/L: -70.14 (Commission: $6.32)
2025-05-13 16:39:27,379 - ENTER LONG: 225.63 shares at 14.05 (Weight: 30.0%, Commission: $3.17)
2025-05-13 16:39:27,379 - ENTER LONG: 159.18 shares at 13.94 (Weight: 30.0%, Commission: $2.22)
2025-05-13 16:39:27,379 - EXIT LONG: 225.63 shares at 14.61 | P/L: 119.88 (Commission: $6.47)
2025-05-13 16:39:27,380 - EXIT LONG: 159.18 shares at 14.61 | P/L: 102.11 (Commission: $4.54)
2025-05-13 16:39:27,380 - ENTER LONG: 212.93 shares at 15.20 (Weight: 30.0%, Commission: $3.24)
2025-05-13 16:39:27,380 - EXIT LONG: 212.93 shares at 15.33 | P/L: 21.18 (Commission: $6.50)
2025-05-13 16:39:27,380 - ENTER LONG: 214.34 shares at 15.13 (Weight: 30.0%, Commission: $3.24)
2025-05-13 16:39:27,380 - EXIT LONG: 214.34 shares at 15.34 | P/L: 38.48 (Commission: $6.53)
2025-05-13 16:39:27,380 - ENTER LONG: 198.44 shares at 16.40 (Weight: 30.0%, Commission: $3.25)
2025-05-13 16:39:27,380 - EXIT LONG: 198.44 shares at 17.22 | P/L: 156.05 (Commission: $6.67)
2025-05-13 16:39:27,380 - ENTER LONG: 192.72 shares at 17.13 (Weight: 30.0%, Commission: $3.30)
2025-05-13 16:39:27,380 - EXIT LONG: 192.72 shares at 16.79 | P/L: -72.56 (Commission: $6.54)
2025-05-13 16:39:27,380 - ENTER LONG: 199.60 shares at 16.43 (Weight: 30.0%, Commission: $3.28)
2025-05-13 16:39:27,380 - ENTER LONG: 140.66 shares at 16.32 (Weight: 30.0%, Commission: $2.30)
2025-05-13 16:39:27,380 - EXIT LONG: 199.60 shares at 16.55 | P/L: 17.37 (Commission: $6.58)
2025-05-13 16:39:27,380 - EXIT LONG: 140.66 shares at 16.55 | P/L: 27.73 (Commission: $4.62)
2025-05-13 16:39:27,380 - ENTER LONG: 200.43 shares at 16.43 (Weight: 30.0%, Commission: $3.29)
2025-05-13 16:39:27,380 - ENTER LONG: 142.73 shares at 16.15 (Weight: 30.0%, Commission: $2.31)
2025-05-13 16:39:27,380 - EXIT LONG: 200.43 shares at 17.25 | P/L: 157.90 (Commission: $6.75)
2025-05-13 16:39:27,380 - EXIT LONG: 142.73 shares at 16.96 | P/L: 110.53 (Commission: $4.73)
2025-05-13 16:39:27,380 - ENTER LONG: 177.83 shares at 18.97 (Weight: 30.0%, Commission: $3.37)
2025-05-13 16:39:27,380 - ENTER LONG: 126.21 shares at 18.71 (Weight: 30.0%, Commission: $2.36)
2025-05-13 16:39:27,380 - EXIT LONG: 177.83 shares at 18.59 | P/L: -74.15 (Commission: $6.68)
2025-05-13 16:39:27,380 - EXIT LONG: 126.21 shares at 18.34 | P/L: -51.90 (Commission: $4.68)
2025-05-13 16:39:27,380 - ENTER LONG: 183.28 shares at 18.20 (Weight: 30.0%, Commission: $3.34)
2025-05-13 16:39:27,380 - ENTER LONG: 129.79 shares at 17.99 (Weight: 30.0%, Commission: $2.33)
2025-05-13 16:39:27,380 - EXIT LONG: 183.28 shares at 17.84 | P/L: -73.32 (Commission: $6.60)
2025-05-13 16:39:27,380 - EXIT LONG: 129.79 shares at 17.63 | P/L: -51.32 (Commission: $4.62)
2025-05-13 16:39:27,380 - ENTER LONG: 214.59 shares at 15.37 (Weight: 30.0%, Commission: $3.30)
2025-05-13 16:39:27,380 - EXIT LONG: 214.59 shares at 15.45 | P/L: 10.55 (Commission: $6.61)
2025-05-13 16:39:27,380 - ENTER LONG: 233.32 shares at 14.15 (Weight: 30.0%, Commission: $3.30)
2025-05-13 16:39:27,380 - EXIT LONG: 233.32 shares at 14.40 | P/L: 51.67 (Commission: $6.66)
2025-05-13 16:39:27,380 - ENTER LONG: 234.58 shares at 14.14 (Weight: 30.0%, Commission: $3.32)
2025-05-13 16:39:27,380 - EXIT LONG: 234.58 shares at 14.53 | P/L: 84.76 (Commission: $6.73)
2025-05-13 16:39:27,380 - ENTER LONG: 223.12 shares at 14.98 (Weight: 30.0%, Commission: $3.34)
2025-05-13 16:39:27,380 - EXIT LONG: 223.12 shares at 15.18 | P/L: 37.90 (Commission: $6.73)
2025-05-13 16:39:27,380 - ENTER LONG: 220.49 shares at 15.21 (Weight: 30.0%, Commission: $3.35)
2025-05-13 16:39:27,380 - ENTER LONG: 155.16 shares at 15.13 (Weight: 30.0%, Commission: $2.35)
2025-05-13 16:39:27,380 - EXIT LONG: 220.49 shares at 15.79 | P/L: 121.05 (Commission: $6.84)
2025-05-13 16:39:27,380 - EXIT LONG: 155.16 shares at 15.79 | P/L: 97.61 (Commission: $4.80)
2025-05-13 16:39:27,380 - ENTER LONG: 219.32 shares at 15.59 (Weight: 30.0%, Commission: $3.42)
2025-05-13 16:39:27,380 - EXIT LONG: 219.32 shares at 15.83 | P/L: 45.75 (Commission: $6.89)
2025-05-13 16:39:27,380 - ENTER LONG: 223.94 shares at 15.33 (Weight: 30.0%, Commission: $3.43)
2025-05-13 16:39:27,381 - EXIT LONG: 223.94 shares at 15.46 | P/L: 22.22 (Commission: $6.90)
2025-05-13 16:39:27,381 - ENTER LONG: 227.04 shares at 15.15 (Weight: 30.0%, Commission: $3.44)
2025-05-13 16:39:27,381 - EXIT LONG: 227.04 shares at 14.85 | P/L: -75.60 (Commission: $6.81)
2025-05-13 16:39:27,381 - ENTER LONG: 231.82 shares at 14.74 (Weight: 30.0%, Commission: $3.42)
2025-05-13 16:39:27,381 - EXIT LONG: 231.82 shares at 14.45 | P/L: -75.10 (Commission: $6.77)
2025-05-13 16:39:27,381 - ENTER LONG: 242.46 shares at 14.00 (Weight: 30.0%, Commission: $3.39)
2025-05-13 16:39:27,381 - EXIT LONG: 242.46 shares at 14.13 | P/L: 24.70 (Commission: $6.82)
2025-05-13 16:39:27,381 - ENTER LONG: 243.69 shares at 13.96 (Weight: 30.0%, Commission: $3.40)
2025-05-13 16:39:27,381 - EXIT LONG: 243.69 shares at 14.66 | P/L: 163.12 (Commission: $6.97)
2025-05-13 16:39:27,381 - ENTER LONG: 217.30 shares at 15.88 (Weight: 30.0%, Commission: $3.45)
2025-05-13 16:39:27,381 - EXIT LONG: 217.30 shares at 15.56 | P/L: -75.85 (Commission: $6.83)
2025-05-13 16:39:27,381 - ENTER LONG: 230.07 shares at 14.90 (Weight: 30.0%, Commission: $3.43)
2025-05-13 16:39:27,381 - EXIT LONG: 230.07 shares at 15.65 | P/L: 164.37 (Commission: $7.03)
2025-05-13 16:39:27,381 - ENTER LONG: 200.30 shares at 17.36 (Weight: 30.0%, Commission: $3.48)
2025-05-13 16:39:27,381 - EXIT LONG: 200.30 shares at 17.84 | P/L: 89.10 (Commission: $7.05)
2025-05-13 16:39:27,381 - ENTER LONG: 203.72 shares at 17.20 (Weight: 30.0%, Commission: $3.50)
2025-05-13 16:39:27,381 - ENTER LONG: 143.77 shares at 17.06 (Weight: 30.0%, Commission: $2.45)
2025-05-13 16:39:27,381 - EXIT LONG: 203.72 shares at 16.86 | P/L: -77.02 (Commission: $6.94)
2025-05-13 16:39:27,381 - EXIT LONG: 143.77 shares at 16.72 | P/L: -53.91 (Commission: $4.86)
2025-05-13 16:39:27,381 - ENTER LONG: 215.07 shares at 16.11 (Weight: 30.0%, Commission: $3.46)
2025-05-13 16:39:27,381 - EXIT LONG: 215.07 shares at 16.20 | P/L: 12.41 (Commission: $6.95)
2025-05-13 16:39:27,381 - ENTER LONG: 222.48 shares at 15.59 (Weight: 30.0%, Commission: $3.47)
2025-05-13 16:39:27,381 - ENTER LONG: 158.79 shares at 15.29 (Weight: 30.0%, Commission: $2.43)
2025-05-13 16:39:27,381 - EXIT LONG: 222.48 shares at 15.28 | P/L: -76.24 (Commission: $6.87)
2025-05-13 16:39:27,381 - ENTER LONG: 180.31 shares at 15.07 (Weight: 30.0%, Commission: $2.72)
2025-05-13 16:39:27,381 - EXIT LONG: 158.79 shares at 14.98 | P/L: -53.37 (Commission: $4.81)
2025-05-13 16:39:27,381 - EXIT LONG: 180.31 shares at 14.77 | P/L: -59.72 (Commission: $5.38)
2025-05-13 16:39:27,381 - ENTER LONG: 232.25 shares at 14.69 (Weight: 30.0%, Commission: $3.41)
2025-05-13 16:39:27,381 - EXIT LONG: 232.25 shares at 14.80 | P/L: 18.70 (Commission: $6.85)
2025-05-13 16:39:27,381 - ENTER LONG: 184.32 shares at 18.54 (Weight: 30.0%, Commission: $3.42)
2025-05-13 16:39:27,381 - EXIT LONG: 184.32 shares at 18.80 | P/L: 41.04 (Commission: $6.88)
2025-05-13 16:39:27,381 - ENTER LONG: 185.49 shares at 18.49 (Weight: 30.0%, Commission: $3.43)
2025-05-13 16:39:27,381 - ENTER LONG: 131.40 shares at 18.27 (Weight: 30.0%, Commission: $2.40)
2025-05-13 16:39:27,381 - EXIT LONG: 185.49 shares at 19.41 | P/L: 164.45 (Commission: $7.03)
2025-05-13 16:39:27,381 - EXIT LONG: 131.40 shares at 19.18 | P/L: 115.12 (Commission: $4.92)
2025-05-13 16:39:27,381 - ENTER LONG: 177.71 shares at 19.77 (Weight: 30.0%, Commission: $3.51)
2025-05-13 16:39:27,381 - EXIT LONG: 177.71 shares at 20.49 | P/L: 120.80 (Commission: $7.15)
2025-05-13 16:39:27,381 - ENTER LONG: 179.27 shares at 19.80 (Weight: 30.0%, Commission: $3.55)
2025-05-13 16:39:27,381 - ENTER LONG: 126.19 shares at 19.69 (Weight: 30.0%, Commission: $2.48)
2025-05-13 16:39:27,381 - EXIT LONG: 179.27 shares at 19.40 | P/L: -78.02 (Commission: $7.03)
2025-05-13 16:39:27,381 - EXIT LONG: 126.19 shares at 19.30 | P/L: -54.61 (Commission: $4.92)
2025-05-13 16:39:27,381 - ENTER LONG: 182.81 shares at 19.20 (Weight: 30.0%, Commission: $3.51)
2025-05-13 16:39:27,381 - ENTER LONG: 128.77 shares at 19.08 (Weight: 30.0%, Commission: $2.46)
2025-05-13 16:39:27,381 - EXIT LONG: 182.81 shares at 19.71 | P/L: 86.12 (Commission: $7.11)
2025-05-13 16:39:27,381 - EXIT LONG: 128.77 shares at 19.71 | P/L: 76.13 (Commission: $4.99)
2025-05-13 16:39:27,381 - ENTER LONG: 193.40 shares at 18.40 (Weight: 30.0%, Commission: $3.56)
2025-05-13 16:39:27,381 - ENTER LONG: 136.12 shares at 18.30 (Weight: 30.0%, Commission: $2.49)
2025-05-13 16:39:27,382 - EXIT LONG: 193.40 shares at 18.03 | P/L: -78.22 (Commission: $7.05)
2025-05-13 16:39:27,382 - EXIT LONG: 136.12 shares at 17.93 | P/L: -54.75 (Commission: $4.93)
2025-05-13 16:39:27,382 - ENTER LONG: 205.41 shares at 17.13 (Weight: 30.0%, Commission: $3.52)
2025-05-13 16:39:27,382 - EXIT LONG: 205.41 shares at 17.22 | P/L: 11.43 (Commission: $7.06)
2025-05-13 16:39:27,382 - ENTER LONG: 201.26 shares at 17.50 (Weight: 30.0%, Commission: $3.52)
2025-05-13 16:39:27,382 - EXIT LONG: 201.26 shares at 17.87 | P/L: 67.35 (Commission: $7.12)
2025-05-13 16:39:27,382 - ENTER LONG: 198.56 shares at 17.84 (Weight: 30.0%, Commission: $3.54)
2025-05-13 16:39:27,382 - EXIT LONG: 198.56 shares at 17.95 | P/L: 14.73 (Commission: $7.11)
2025-05-13 16:39:27,382 - ENTER LONG: 205.60 shares at 17.25 (Weight: 30.0%, Commission: $3.55)
2025-05-13 16:39:27,382 - EXIT LONG: 205.60 shares at 17.59 | P/L: 62.74 (Commission: $7.16)
2025-05-13 16:39:27,382 - ENTER LONG: 204.79 shares at 17.41 (Weight: 30.0%, Commission: $3.57)
2025-05-13 16:39:27,382 - EXIT LONG: 204.79 shares at 17.68 | P/L: 48.11 (Commission: $7.19)
2025-05-13 16:39:27,382 - ENTER LONG: 204.92 shares at 17.47 (Weight: 30.0%, Commission: $3.58)
2025-05-13 16:39:27,382 - EXIT LONG: 204.92 shares at 17.56 | P/L: 11.26 (Commission: $7.18)
2025-05-13 16:39:27,382 - ENTER LONG: 208.69 shares at 17.17 (Weight: 30.0%, Commission: $3.58)
2025-05-13 16:39:27,382 - EXIT LONG: 208.69 shares at 16.83 | P/L: -78.76 (Commission: $7.09)
2025-05-13 16:39:27,382 - ENTER LONG: 214.70 shares at 16.58 (Weight: 30.0%, Commission: $3.56)
2025-05-13 16:39:27,382 - EXIT LONG: 214.70 shares at 16.25 | P/L: -78.24 (Commission: $7.05)
2025-05-13 16:39:27,382 - ENTER LONG: 219.78 shares at 16.09 (Weight: 30.0%, Commission: $3.54)
2025-05-13 16:39:27,382 - EXIT LONG: 219.78 shares at 16.25 | P/L: 28.06 (Commission: $7.11)
2025-05-13 16:39:27,382 - ENTER LONG: 221.82 shares at 15.98 (Weight: 30.0%, Commission: $3.54)
2025-05-13 16:39:27,382 - EXIT LONG: 221.82 shares at 16.67 | P/L: 145.81 (Commission: $7.24)
2025-05-13 16:39:27,382 - ENTER LONG: 218.93 shares at 16.39 (Weight: 30.0%, Commission: $3.59)
2025-05-13 16:39:27,382 - EXIT LONG: 218.93 shares at 16.79 | P/L: 80.31 (Commission: $7.26)
2025-05-13 16:39:27,382 - ENTER LONG: 216.57 shares at 16.68 (Weight: 30.0%, Commission: $3.61)
2025-05-13 16:39:27,382 - ENTER LONG: 152.97 shares at 16.53 (Weight: 30.0%, Commission: $2.53)
2025-05-13 16:39:27,382 - ENTER LONG: 108.00 shares at 16.39 (Weight: 30.0%, Commission: $1.77)
2025-05-13 16:39:27,382 - EXIT LONG: 216.57 shares at 16.78 | P/L: 14.41 (Commission: $7.25)
2025-05-13 16:39:27,382 - EXIT LONG: 152.97 shares at 16.78 | P/L: 33.15 (Commission: $5.10)
2025-05-13 16:39:27,382 - EXIT LONG: 108.00 shares at 16.78 | P/L: 38.54 (Commission: $3.58)
2025-05-13 16:39:27,382 - ENTER LONG: 209.94 shares at 17.33 (Weight: 30.0%, Commission: $3.64)
2025-05-13 16:39:27,382 - EXIT LONG: 209.94 shares at 16.98 | P/L: -79.97 (Commission: $7.20)
2025-05-13 16:39:27,382 - ENTER LONG: 215.77 shares at 16.75 (Weight: 30.0%, Commission: $3.61)
2025-05-13 16:39:27,382 - EXIT LONG: 215.77 shares at 16.41 | P/L: -79.44 (Commission: $7.16)
2025-05-13 16:39:27,382 - ENTER LONG: 214.48 shares at 16.74 (Weight: 30.0%, Commission: $3.59)
2025-05-13 16:39:27,382 - EXIT LONG: 214.48 shares at 16.41 | P/L: -78.92 (Commission: $7.11)
2025-05-13 16:39:27,382 - ENTER LONG: 213.32 shares at 16.72 (Weight: 30.0%, Commission: $3.57)
2025-05-13 16:39:27,382 - EXIT LONG: 213.32 shares at 17.56 | P/L: 171.03 (Commission: $7.31)
2025-05-13 16:39:27,382 - ENTER LONG: 148.40 shares at 24.38 (Weight: 30.0%, Commission: $3.62)
2025-05-13 16:39:27,382 - EXIT LONG: 148.40 shares at 25.05 | P/L: 92.09 (Commission: $7.34)
2025-05-13 16:39:27,382 - ENTER LONG: 151.84 shares at 24.01 (Weight: 30.0%, Commission: $3.65)
2025-05-13 16:39:27,382 - EXIT LONG: 151.84 shares at 25.19 | P/L: 171.70 (Commission: $7.47)
2025-05-13 16:39:27,382 - ENTER LONG: 151.27 shares at 24.44 (Weight: 30.0%, Commission: $3.70)
2025-05-13 16:39:27,382 - EXIT LONG: 151.27 shares at 23.95 | P/L: -81.26 (Commission: $7.32)
2025-05-13 16:39:27,382 - ENTER LONG: 156.95 shares at 23.40 (Weight: 30.0%, Commission: $3.67)
2025-05-13 16:39:27,382 - EXIT LONG: 156.95 shares at 22.93 | P/L: -80.73 (Commission: $7.27)
2025-05-13 16:39:27,382 - ENTER LONG: 160.45 shares at 22.74 (Weight: 30.0%, Commission: $3.65)
2025-05-13 16:39:27,383 - EXIT LONG: 160.45 shares at 23.59 | P/L: 128.95 (Commission: $7.43)
2025-05-13 16:39:27,383 - ENTER LONG: 160.52 shares at 22.97 (Weight: 30.0%, Commission: $3.69)
2025-05-13 16:39:27,383 - EXIT LONG: 160.52 shares at 23.56 | P/L: 87.24 (Commission: $7.47)
2025-05-13 16:39:27,383 - ENTER LONG: 148.95 shares at 24.93 (Weight: 30.0%, Commission: $3.71)
2025-05-13 16:39:27,383 - EXIT LONG: 148.95 shares at 24.43 | P/L: -81.62 (Commission: $7.35)
2025-05-13 16:39:27,383 - ENTER LONG: 153.45 shares at 24.04 (Weight: 30.0%, Commission: $3.69)
2025-05-13 16:39:27,383 - ENTER LONG: 108.45 shares at 23.81 (Weight: 30.0%, Commission: $2.58)
2025-05-13 16:39:27,383 - EXIT LONG: 153.45 shares at 25.24 | P/L: 176.88 (Commission: $7.56)
2025-05-13 16:39:27,383 - EXIT LONG: 108.45 shares at 25.00 | P/L: 123.82 (Commission: $5.29)
2025-05-13 16:39:27,383 - ENTER LONG: 145.12 shares at 26.04 (Weight: 30.0%, Commission: $3.78)
2025-05-13 16:39:27,383 - EXIT LONG: 145.12 shares at 25.52 | P/L: -83.06 (Commission: $7.48)
2025-05-13 16:39:27,383 - ENTER LONG: 148.09 shares at 25.35 (Weight: 30.0%, Commission: $3.75)
2025-05-13 16:39:27,383 - EXIT LONG: 148.09 shares at 24.84 | P/L: -82.51 (Commission: $7.43)
2025-05-13 16:39:27,383 - ENTER LONG: 150.99 shares at 24.70 (Weight: 30.0%, Commission: $3.73)
2025-05-13 16:39:27,383 - EXIT LONG: 150.99 shares at 25.00 | P/L: 37.79 (Commission: $7.50)
2025-05-13 16:39:27,383 - ENTER LONG: 153.12 shares at 24.43 (Weight: 30.0%, Commission: $3.74)
2025-05-13 16:39:27,383 - EXIT LONG: 153.12 shares at 23.94 | P/L: -82.22 (Commission: $7.41)
2025-05-13 16:39:27,383 - ENTER LONG: 158.20 shares at 23.49 (Weight: 30.0%, Commission: $3.72)
2025-05-13 16:39:27,383 - EXIT LONG: 158.20 shares at 24.00 | P/L: 73.17 (Commission: $7.51)
2025-05-13 16:39:27,383 - ENTER LONG: 157.06 shares at 23.80 (Weight: 30.0%, Commission: $3.74)
2025-05-13 16:39:27,383 - EXIT LONG: 157.06 shares at 24.57 | P/L: 113.34 (Commission: $7.60)
2025-05-13 16:39:27,383 - ENTER LONG: 155.99 shares at 24.18 (Weight: 30.0%, Commission: $3.77)
2025-05-13 16:39:27,383 - EXIT LONG: 155.99 shares at 24.51 | P/L: 43.88 (Commission: $7.60)
2025-05-13 16:39:27,383 - ENTER LONG: 154.43 shares at 24.51 (Weight: 30.0%, Commission: $3.79)
2025-05-13 16:39:27,383 - EXIT LONG: 154.43 shares at 24.02 | P/L: -83.20 (Commission: $7.49)
2025-05-13 16:39:27,383 - ENTER LONG: 163.41 shares at 23.01 (Weight: 30.0%, Commission: $3.76)
2025-05-13 16:39:27,383 - EXIT LONG: 163.41 shares at 22.55 | P/L: -82.65 (Commission: $7.45)
2025-05-13 16:39:27,383 - ENTER LONG: 163.76 shares at 22.81 (Weight: 30.0%, Commission: $3.74)
2025-05-13 16:39:27,383 - EXIT LONG: 163.76 shares at 22.84 | P/L: -2.56 (Commission: $7.48)
2025-05-13 16:39:27,383 - ENTER LONG: 164.74 shares at 22.67 (Weight: 30.0%, Commission: $3.73)
2025-05-13 16:39:27,384 - EXIT LONG: 164.74 shares at 22.22 | P/L: -82.09 (Commission: $7.39)
2025-05-13 16:39:27,384 - ENTER LONG: 168.87 shares at 21.97 (Weight: 30.0%, Commission: $3.71)
2025-05-13 16:39:27,384 - EXIT LONG: 168.87 shares at 22.12 | P/L: 17.88 (Commission: $7.45)
2025-05-13 16:39:27,384 - ENTER LONG: 173.62 shares at 21.40 (Weight: 30.0%, Commission: $3.72)
2025-05-13 16:39:27,384 - EXIT LONG: 173.62 shares at 21.56 | P/L: 20.32 (Commission: $7.46)
2025-05-13 16:39:27,384 - ENTER LONG: 176.04 shares at 21.14 (Weight: 30.0%, Commission: $3.72)
2025-05-13 16:39:27,384 - EXIT LONG: 176.04 shares at 20.72 | P/L: -81.80 (Commission: $7.37)
2025-05-13 16:39:27,384 - ENTER LONG: 179.46 shares at 20.60 (Weight: 30.0%, Commission: $3.70)
2025-05-13 16:39:27,384 - EXIT LONG: 179.46 shares at 20.94 | P/L: 53.56 (Commission: $7.45)
2025-05-13 16:39:27,384 - ENTER LONG: 171.74 shares at 21.62 (Weight: 30.0%, Commission: $3.71)
2025-05-13 16:39:27,384 - ENTER LONG: 122.37 shares at 21.24 (Weight: 30.0%, Commission: $2.60)
2025-05-13 16:39:27,384 - EXIT LONG: 171.74 shares at 21.19 | P/L: -81.61 (Commission: $7.35)
2025-05-13 16:39:27,384 - EXIT LONG: 122.37 shares at 20.82 | P/L: -57.13 (Commission: $5.15)
2025-05-13 16:39:27,384 - ENTER LONG: 177.19 shares at 20.72 (Weight: 30.0%, Commission: $3.67)
2025-05-13 16:39:27,384 - EXIT LONG: 177.19 shares at 21.01 | P/L: 43.99 (Commission: $7.39)
2025-05-13 16:39:27,384 - ENTER LONG: 175.96 shares at 20.94 (Weight: 30.0%, Commission: $3.68)
2025-05-13 16:39:27,384 - EXIT LONG: 175.96 shares at 21.73 | P/L: 131.50 (Commission: $7.51)
2025-05-13 16:39:27,384 - ENTER LONG: 174.67 shares at 21.32 (Weight: 30.0%, Commission: $3.72)
2025-05-13 16:39:27,384 - EXIT LONG: 174.67 shares at 22.10 | P/L: 128.66 (Commission: $7.58)
2025-05-13 16:39:27,384 - ENTER LONG: 161.41 shares at 23.31 (Weight: 30.0%, Commission: $3.76)
2025-05-13 16:39:27,384 - ENTER LONG: 113.87 shares at 23.13 (Weight: 30.0%, Commission: $2.63)
2025-05-13 16:39:27,384 - EXIT LONG: 161.41 shares at 23.85 | P/L: 79.55 (Commission: $7.61)
2025-05-13 16:39:27,384 - EXIT LONG: 113.87 shares at 23.85 | P/L: 76.64 (Commission: $5.35)
2025-05-13 16:39:27,384 - ENTER LONG: 163.70 shares at 23.27 (Weight: 30.0%, Commission: $3.81)
2025-05-13 16:39:27,384 - EXIT LONG: 163.70 shares at 23.57 | P/L: 41.44 (Commission: $7.67)
2025-05-13 16:39:27,384 - ENTER LONG: 149.52 shares at 25.56 (Weight: 30.0%, Commission: $3.82)
2025-05-13 16:39:27,384 - EXIT LONG: 149.52 shares at 25.05 | P/L: -84.00 (Commission: $7.57)
2025-05-13 16:39:27,384 - ENTER LONG: 159.25 shares at 23.84 (Weight: 30.0%, Commission: $3.80)
2025-05-13 16:39:27,384 - EXIT LONG: 159.25 shares at 24.16 | P/L: 43.32 (Commission: $7.64)
2025-05-13 16:39:27,384 - ENTER LONG: 158.08 shares at 24.10 (Weight: 30.0%, Commission: $3.81)
2025-05-13 16:39:27,384 - EXIT LONG: 158.08 shares at 25.22 | P/L: 169.25 (Commission: $7.80)
2025-05-13 16:39:27,384 - ENTER LONG: 140.94 shares at 27.39 (Weight: 30.0%, Commission: $3.86)
2025-05-13 16:39:27,384 - EXIT LONG: 140.94 shares at 28.42 | P/L: 137.30 (Commission: $7.87)
2025-05-13 16:39:27,384 - ENTER LONG: 141.15 shares at 27.64 (Weight: 30.0%, Commission: $3.90)
2025-05-13 16:39:27,384 - EXIT LONG: 141.15 shares at 28.07 | P/L: 52.83 (Commission: $7.86)
2025-05-13 16:39:27,385 - ENTER LONG: 138.81 shares at 28.22 (Weight: 30.0%, Commission: $3.92)
2025-05-13 16:39:27,385 - EXIT LONG: 138.81 shares at 28.64 | P/L: 50.41 (Commission: $7.89)
2025-05-13 16:39:27,385 - ENTER LONG: 147.84 shares at 26.60 (Weight: 30.0%, Commission: $3.93)
2025-05-13 16:39:27,385 - EXIT LONG: 147.84 shares at 27.18 | P/L: 77.79 (Commission: $7.95)
2025-05-13 16:39:27,385 - ENTER LONG: 150.01 shares at 26.37 (Weight: 30.0%, Commission: $3.96)
2025-05-13 16:39:27,385 - EXIT LONG: 150.01 shares at 26.89 | P/L: 70.02 (Commission: $7.99)
2025-05-13 16:39:27,385 - ENTER LONG: 152.48 shares at 26.08 (Weight: 30.0%, Commission: $3.98)
2025-05-13 16:39:27,385 - EXIT LONG: 152.48 shares at 25.56 | P/L: -87.41 (Commission: $7.87)
2025-05-13 16:39:27,385 - ENTER LONG: 159.68 shares at 24.74 (Weight: 30.0%, Commission: $3.95)
2025-05-13 16:39:27,385 - EXIT LONG: 159.68 shares at 24.25 | P/L: -86.83 (Commission: $7.82)
2025-05-13 16:39:27,385 - ENTER LONG: 162.91 shares at 24.09 (Weight: 30.0%, Commission: $3.92)
2025-05-13 16:39:27,385 - EXIT LONG: 162.91 shares at 25.29 | P/L: 188.18 (Commission: $8.05)
2025-05-13 16:39:27,385 - ENTER LONG: 151.25 shares at 26.32 (Weight: 30.0%, Commission: $3.98)
2025-05-13 16:39:27,385 - EXIT LONG: 151.25 shares at 27.64 | P/L: 190.88 (Commission: $8.16)
2025-05-13 16:39:27,385 - ENTER LONG: 137.44 shares at 29.38 (Weight: 30.0%, Commission: $4.04)
2025-05-13 16:39:27,385 - EXIT LONG: 137.44 shares at 30.39 | P/L: 130.60 (Commission: $8.22)
2025-05-13 16:39:27,385 - ENTER LONG: 126.15 shares at 32.32 (Weight: 30.0%, Commission: $4.08)
2025-05-13 16:39:27,385 - EXIT LONG: 126.15 shares at 32.54 | P/L: 19.57 (Commission: $8.18)
2025-05-13 16:39:27,385 - ENTER LONG: 127.92 shares at 31.92 (Weight: 30.0%, Commission: $4.08)
2025-05-13 16:39:27,385 - EXIT LONG: 127.92 shares at 31.28 | P/L: -89.75 (Commission: $8.08)
2025-05-13 16:39:27,385 - ENTER LONG: 131.48 shares at 30.85 (Weight: 30.0%, Commission: $4.06)
2025-05-13 16:39:27,385 - ENTER LONG: 93.52 shares at 30.36 (Weight: 30.0%, Commission: $2.84)
2025-05-13 16:39:27,385 - EXIT LONG: 131.48 shares at 31.00 | P/L: 11.59 (Commission: $8.13)
2025-05-13 16:39:27,385 - EXIT LONG: 93.52 shares at 31.00 | P/L: 54.12 (Commission: $5.74)
2025-05-13 16:39:27,385 - ENTER LONG: 133.59 shares at 30.51 (Weight: 30.0%, Commission: $4.08)
2025-05-13 16:39:27,385 - ENTER LONG: 94.60 shares at 30.16 (Weight: 30.0%, Commission: $2.85)
2025-05-13 16:39:27,385 - EXIT LONG: 133.59 shares at 30.33 | P/L: -32.17 (Commission: $8.13)
2025-05-13 16:39:27,385 - EXIT LONG: 94.60 shares at 30.33 | P/L: 10.36 (Commission: $5.72)
2025-05-13 16:39:27,385 - ENTER LONG: 110.28 shares at 36.90 (Weight: 30.0%, Commission: $4.07)
2025-05-13 16:39:27,385 - EXIT LONG: 110.28 shares at 37.12 | P/L: 16.10 (Commission: $8.16)
2025-05-13 16:39:27,385 - ENTER LONG: 110.59 shares at 36.84 (Weight: 30.0%, Commission: $4.07)
2025-05-13 16:39:27,385 - EXIT LONG: 110.59 shares at 37.20 | P/L: 31.62 (Commission: $8.19)
2025-05-13 16:39:27,385 - ENTER LONG: 112.00 shares at 36.46 (Weight: 30.0%, Commission: $4.08)
2025-05-13 16:39:27,385 - EXIT LONG: 112.00 shares at 37.49 | P/L: 107.08 (Commission: $8.28)
2025-05-13 16:39:27,385 - ENTER LONG: 105.83 shares at 38.89 (Weight: 30.0%, Commission: $4.12)
2025-05-13 16:39:27,385 - EXIT LONG: 105.83 shares at 40.83 | P/L: 197.35 (Commission: $8.44)
2025-05-13 16:39:27,385 - ENTER LONG: 98.40 shares at 42.43 (Weight: 30.0%, Commission: $4.17)
2025-05-13 16:39:27,385 - ENTER LONG: 69.70 shares at 41.93 (Weight: 30.0%, Commission: $2.92)
2025-05-13 16:39:27,386 - EXIT LONG: 98.40 shares at 42.97 | P/L: 44.73 (Commission: $8.40)
2025-05-13 16:39:27,386 - EXIT LONG: 69.70 shares at 42.97 | P/L: 66.57 (Commission: $5.92)
2025-05-13 16:39:27,386 - ENTER LONG: 98.55 shares at 42.70 (Weight: 30.0%, Commission: $4.21)
2025-05-13 16:39:27,386 - EXIT LONG: 98.55 shares at 42.94 | P/L: 15.21 (Commission: $8.44)
2025-05-13 16:39:27,386 - ENTER LONG: 98.92 shares at 42.59 (Weight: 30.0%, Commission: $4.21)
2025-05-13 16:39:27,386 - EXIT LONG: 98.92 shares at 43.56 | P/L: 87.43 (Commission: $8.52)
2025-05-13 16:39:27,386 - ENTER LONG: 97.03 shares at 43.69 (Weight: 30.0%, Commission: $4.24)
2025-05-13 16:39:27,386 - EXIT LONG: 97.03 shares at 42.82 | P/L: -93.17 (Commission: $8.39)
2025-05-13 16:39:27,386 - ENTER LONG: 101.33 shares at 41.56 (Weight: 30.0%, Commission: $4.21)
2025-05-13 16:39:27,386 - EXIT LONG: 101.33 shares at 41.92 | P/L: 28.02 (Commission: $8.46)
2025-05-13 16:39:27,386 - ENTER LONG: 101.90 shares at 41.41 (Weight: 30.0%, Commission: $4.22)
2025-05-13 16:39:27,386 - EXIT LONG: 101.90 shares at 43.48 | P/L: 202.33 (Commission: $8.65)
2025-05-13 16:39:27,386 - ENTER LONG: 71.51 shares at 59.85 (Weight: 30.0%, Commission: $4.28)
2025-05-13 16:39:27,386 - EXIT LONG: 71.51 shares at 60.70 | P/L: 52.17 (Commission: $8.62)
2025-05-13 16:39:27,386 - ENTER LONG: 72.59 shares at 59.18 (Weight: 30.0%, Commission: $4.30)
2025-05-13 16:39:27,386 - EXIT LONG: 72.59 shares at 62.14 | P/L: 205.98 (Commission: $8.81)
2025-05-13 16:39:27,386 - ENTER LONG: 71.13 shares at 61.26 (Weight: 30.0%, Commission: $4.36)
2025-05-13 16:39:27,386 - EXIT LONG: 71.13 shares at 62.98 | P/L: 113.51 (Commission: $8.84)
2025-05-13 16:39:27,386 - ENTER LONG: 70.69 shares at 62.12 (Weight: 30.0%, Commission: $4.39)
2025-05-13 16:39:27,386 - ENTER LONG: 50.10 shares at 61.36 (Weight: 30.0%, Commission: $3.07)
2025-05-13 16:39:27,386 - EXIT LONG: 70.69 shares at 64.35 | P/L: 148.71 (Commission: $8.94)
2025-05-13 16:39:27,386 - EXIT LONG: 50.10 shares at 64.35 | P/L: 143.50 (Commission: $6.30)
2025-05-13 16:39:27,386 - ENTER LONG: 67.47 shares at 66.39 (Weight: 30.0%, Commission: $4.48)
2025-05-13 16:39:27,386 - EXIT LONG: 67.47 shares at 69.71 | P/L: 214.77 (Commission: $9.18)
2025-05-13 16:39:27,386 - ENTER LONG: 65.05 shares at 69.85 (Weight: 30.0%, Commission: $4.54)
2025-05-13 16:39:27,386 - EXIT LONG: 65.05 shares at 71.87 | P/L: 122.17 (Commission: $9.22)
2025-05-13 16:39:27,386 - ENTER LONG: 63.21 shares at 72.46 (Weight: 30.0%, Commission: $4.58)
2025-05-13 16:39:27,386 - EXIT LONG: 63.21 shares at 71.01 | P/L: -100.67 (Commission: $9.07)
2025-05-13 16:39:27,386 - ENTER LONG: 64.18 shares at 70.89 (Weight: 30.0%, Commission: $4.55)
2025-05-13 16:39:27,386 - EXIT LONG: 64.18 shares at 72.51 | P/L: 94.77 (Commission: $9.20)
2025-05-13 16:39:27,386 - ENTER LONG: 61.54 shares at 74.39 (Weight: 30.0%, Commission: $4.58)
2025-05-13 16:39:27,386 - EXIT LONG: 61.54 shares at 72.90 | P/L: -100.63 (Commission: $9.07)
2025-05-13 16:39:27,386 - ENTER LONG: 63.60 shares at 71.51 (Weight: 30.0%, Commission: $4.55)
2025-05-13 16:39:27,386 - EXIT LONG: 63.60 shares at 74.21 | P/L: 162.46 (Commission: $9.27)
2025-05-13 16:39:27,386 - ENTER LONG: 58.13 shares at 79.08 (Weight: 30.0%, Commission: $4.60)
2025-05-13 16:39:27,386 - EXIT LONG: 58.13 shares at 77.50 | P/L: -101.04 (Commission: $9.10)
2025-05-13 16:39:27,386 - ENTER LONG: 59.17 shares at 77.18 (Weight: 30.0%, Commission: $4.57)
2025-05-13 16:39:27,386 - EXIT LONG: 59.17 shares at 75.64 | P/L: -100.37 (Commission: $9.04)
2025-05-13 16:39:27,386 - ENTER LONG: 59.98 shares at 75.63 (Weight: 30.0%, Commission: $4.54)
2025-05-13 16:39:27,386 - ENTER LONG: 42.23 shares at 75.19 (Weight: 30.0%, Commission: $3.18)
2025-05-13 16:39:27,386 - EXIT LONG: 59.98 shares at 79.41 | P/L: 217.52 (Commission: $9.30)
2025-05-13 16:39:27,386 - EXIT LONG: 42.23 shares at 78.95 | P/L: 152.27 (Commission: $6.51)
2025-05-13 16:39:27,386 - ENTER LONG: 61.21 shares at 75.92 (Weight: 30.0%, Commission: $4.65)
2025-05-13 16:39:27,386 - EXIT LONG: 61.21 shares at 74.40 | P/L: -102.15 (Commission: $9.20)
2025-05-13 16:39:27,386 - ENTER LONG: 65.96 shares at 69.99 (Weight: 30.0%, Commission: $4.62)
2025-05-13 16:39:27,386 - EXIT LONG: 65.96 shares at 68.59 | P/L: -101.48 (Commission: $9.14)
2025-05-13 16:39:27,387 - ENTER LONG: 60.79 shares at 75.44 (Weight: 30.0%, Commission: $4.59)
2025-05-13 16:39:27,387 - EXIT LONG: 60.79 shares at 79.21 | P/L: 219.91 (Commission: $9.40)
2025-05-13 16:39:27,387 - ENTER LONG: 58.33 shares at 79.76 (Weight: 30.0%, Commission: $4.65)
2025-05-13 16:39:27,387 - EXIT LONG: 58.33 shares at 81.22 | P/L: 75.77 (Commission: $9.39)
2025-05-13 16:39:27,387 - ENTER LONG: 46.12 shares at 101.36 (Weight: 30.0%, Commission: $4.67)
2025-05-13 16:39:27,387 - EXIT LONG: 46.12 shares at 106.43 | P/L: 224.16 (Commission: $9.58)
2025-05-13 16:39:27,387 - ENTER LONG: 42.11 shares at 112.62 (Weight: 30.0%, Commission: $4.74)
2025-05-13 16:39:27,387 - EXIT LONG: 42.11 shares at 117.39 | P/L: 191.17 (Commission: $9.69)
2025-05-13 16:39:27,387 - ENTER LONG: 42.83 shares at 112.06 (Weight: 30.0%, Commission: $4.80)
2025-05-13 16:39:27,387 - EXIT LONG: 42.83 shares at 109.82 | P/L: -105.49 (Commission: $9.50)
2025-05-13 16:39:27,387 - ENTER LONG: 44.86 shares at 106.27 (Weight: 30.0%, Commission: $4.77)
2025-05-13 16:39:27,387 - EXIT LONG: 44.86 shares at 104.14 | P/L: -104.80 (Commission: $9.44)
2025-05-13 16:39:27,387 - ENTER LONG: 46.73 shares at 101.35 (Weight: 30.0%, Commission: $4.74)
2025-05-13 16:39:27,387 - EXIT LONG: 46.73 shares at 99.32 | P/L: -104.11 (Commission: $9.38)
2025-05-13 16:39:27,387 - ENTER LONG: 51.89 shares at 90.68 (Weight: 30.0%, Commission: $4.71)
2025-05-13 16:39:27,387 - EXIT LONG: 51.89 shares at 88.87 | P/L: -103.42 (Commission: $9.32)
2025-05-13 16:39:27,387 - ENTER LONG: 53.21 shares at 87.84 (Weight: 30.0%, Commission: $4.67)
2025-05-13 16:39:27,387 - EXIT LONG: 53.21 shares at 89.31 | P/L: 68.80 (Commission: $9.43)
2025-05-13 16:39:27,387 - ENTER LONG: 55.38 shares at 84.77 (Weight: 30.0%, Commission: $4.69)
2025-05-13 16:39:27,387 - EXIT LONG: 55.38 shares at 84.40 | P/L: -29.86 (Commission: $9.37)
2025-05-13 16:39:27,387 - ENTER LONG: 58.24 shares at 80.46 (Weight: 30.0%, Commission: $4.69)
2025-05-13 16:39:27,387 - EXIT LONG: 58.24 shares at 84.48 | P/L: 224.69 (Commission: $9.61)
2025-05-13 16:39:27,387 - ENTER LONG: 62.23 shares at 76.38 (Weight: 30.0%, Commission: $4.75)
2025-05-13 16:39:27,387 - EXIT LONG: 62.23 shares at 78.05 | P/L: 94.31 (Commission: $9.61)
2025-05-13 16:39:27,387 - ENTER LONG: 60.05 shares at 79.62 (Weight: 30.0%, Commission: $4.78)
2025-05-13 16:39:27,387 - EXIT LONG: 60.05 shares at 83.60 | P/L: 229.27 (Commission: $9.80)
2025-05-13 16:39:27,387 - ENTER LONG: 57.82 shares at 83.89 (Weight: 30.0%, Commission: $4.85)
2025-05-13 16:39:27,387 - EXIT LONG: 57.82 shares at 86.10 | P/L: 117.94 (Commission: $9.83)
2025-05-13 16:39:27,387 - ENTER LONG: 52.94 shares at 92.28 (Weight: 30.0%, Commission: $4.89)
2025-05-13 16:39:27,387 - EXIT LONG: 52.94 shares at 90.43 | P/L: -107.38 (Commission: $9.67)
2025-05-13 16:39:27,387 - ENTER LONG: 53.87 shares at 90.09 (Weight: 30.0%, Commission: $4.85)
2025-05-13 16:39:27,387 - EXIT LONG: 53.87 shares at 88.29 | P/L: -106.68 (Commission: $9.61)
2025-05-13 16:39:27,387 - ENTER LONG: 56.16 shares at 85.85 (Weight: 30.0%, Commission: $4.82)
2025-05-13 16:39:27,387 - ENTER LONG: 39.99 shares at 84.40 (Weight: 30.0%, Commission: $3.37)
2025-05-13 16:39:27,387 - EXIT LONG: 56.16 shares at 87.45 | P/L: 80.12 (Commission: $9.73)
2025-05-13 16:39:27,387 - EXIT LONG: 39.99 shares at 87.45 | P/L: 115.09 (Commission: $6.87)
2025-05-13 16:39:27,387 - ENTER LONG: 58.37 shares at 83.60 (Weight: 30.0%, Commission: $4.88)
2025-05-13 16:39:27,387 - EXIT LONG: 58.37 shares at 81.93 | P/L: -107.26 (Commission: $9.66)
2025-05-13 16:39:27,387 - ENTER LONG: 65.50 shares at 74.01 (Weight: 30.0%, Commission: $4.85)
2025-05-13 16:39:27,387 - EXIT LONG: 65.50 shares at 77.71 | P/L: 232.45 (Commission: $9.94)
2025-05-13 16:39:27,387 - ENTER LONG: 63.60 shares at 77.32 (Weight: 30.0%, Commission: $4.92)
2025-05-13 16:39:27,387 - EXIT LONG: 63.60 shares at 81.19 | P/L: 235.79 (Commission: $10.08)
2025-05-13 16:39:27,387 - ENTER LONG: 56.30 shares at 88.59 (Weight: 30.0%, Commission: $4.99)
2025-05-13 16:39:27,388 - EXIT LONG: 56.30 shares at 92.62 | P/L: 216.70 (Commission: $10.20)
2025-05-13 16:39:27,388 - ENTER LONG: 54.50 shares at 92.71 (Weight: 30.0%, Commission: $5.05)
2025-05-13 16:39:27,388 - EXIT LONG: 54.50 shares at 93.78 | P/L: 48.15 (Commission: $10.16)
2025-05-13 16:39:27,388 - ENTER LONG: 55.81 shares at 90.80 (Weight: 30.0%, Commission: $5.07)
2025-05-13 16:39:27,388 - EXIT LONG: 55.81 shares at 93.99 | P/L: 167.72 (Commission: $10.31)
2025-05-13 16:39:27,388 - ENTER LONG: 44.04 shares at 116.20 (Weight: 30.0%, Commission: $5.12)
2025-05-13 16:39:27,388 - EXIT LONG: 44.04 shares at 122.01 | P/L: 245.39 (Commission: $10.49)
2025-05-13 16:39:27,388 - ENTER LONG: 47.69 shares at 108.86 (Weight: 30.0%, Commission: $5.19)
2025-05-13 16:39:27,388 - EXIT LONG: 47.69 shares at 110.48 | P/L: 66.79 (Commission: $10.46)
2025-05-13 16:39:27,388 - ENTER LONG: 44.43 shares at 117.30 (Weight: 30.0%, Commission: $5.21)
2025-05-13 16:39:27,388 - EXIT LONG: 44.43 shares at 118.46 | P/L: 41.06 (Commission: $10.47)
2025-11-27 16:32:49,396 - ENTER LONG: 474.21 shares at 6.32 (Weight: 30.0%, Commission: $3.00)
2025-11-27 16:32:49,396 - EXIT LONG: 474.21 shares at 6.40 | P/L: 31.90 (Commission: $6.03)
2025-11-27 16:32:49,397 - ENTER LONG: 431.98 shares at 6.96 (Weight: 30.0%, Commission: $3.01)
2025-11-27 16:32:49,397 - EXIT LONG: 431.98 shares at 7.07 | P/L: 41.46 (Commission: $6.06)
2025-11-27 16:32:49,397 - ENTER LONG: 437.53 shares at 6.90 (Weight: 30.0%, Commission: $3.02)
2025-11-27 16:32:49,397 - EXIT LONG: 437.53 shares at 6.76 | P/L: -66.36 (Commission: $5.98)
2025-11-27 16:32:49,397 - ENTER LONG: 445.63 shares at 6.73 (Weight: 30.0%, Commission: $3.00)
2025-11-27 16:32:49,397 - EXIT LONG: 445.63 shares at 7.02 | P/L: 123.11 (Commission: $6.13)
2025-11-27 16:32:49,397 - ENTER LONG: 432.48 shares at 7.02 (Weight: 30.0%, Commission: $3.04)
2025-11-27 16:32:49,397 - EXIT LONG: 432.48 shares at 7.22 | P/L: 80.34 (Commission: $6.16)
2025-11-27 16:32:49,397 - ENTER LONG: 415.21 shares at 7.37 (Weight: 30.0%, Commission: $3.06)
2025-11-27 16:32:49,397 - EXIT LONG: 415.21 shares at 7.74 | P/L: 146.73 (Commission: $6.27)
2025-11-27 16:32:49,397 - ENTER LONG: 369.09 shares at 8.41 (Weight: 30.0%, Commission: $3.10)
2025-11-27 16:32:49,397 - ENTER LONG: 261.47 shares at 8.31 (Weight: 30.0%, Commission: $2.17)
2025-11-27 16:32:49,397 - EXIT LONG: 369.09 shares at 8.24 | P/L: -68.23 (Commission: $6.15)
2025-11-27 16:32:49,397 - ENTER LONG: 295.83 shares at 8.22 (Weight: 30.0%, Commission: $2.43)
2025-11-27 16:32:49,397 - EXIT LONG: 261.47 shares at 8.14 | P/L: -47.76 (Commission: $4.30)
2025-11-27 16:32:49,397 - EXIT LONG: 295.83 shares at 8.06 | P/L: -53.45 (Commission: $4.81)
2025-11-27 16:32:49,397 - ENTER LONG: 384.06 shares at 7.95 (Weight: 30.0%, Commission: $3.05)
2025-11-27 16:32:49,397 - EXIT LONG: 384.06 shares at 7.79 | P/L: -67.11 (Commission: $6.05)
2025-11-27 16:32:49,397 - ENTER LONG: 403.88 shares at 7.51 (Weight: 30.0%, Commission: $3.03)
2025-11-27 16:32:49,397 - EXIT LONG: 403.88 shares at 7.61 | P/L: 34.28 (Commission: $6.11)
2025-11-27 16:32:49,397 - ENTER LONG: 313.43 shares at 9.71 (Weight: 30.0%, Commission: $3.04)
2025-11-27 16:32:49,397 - EXIT LONG: 313.43 shares at 9.52 | P/L: -66.89 (Commission: $6.03)
2025-11-27 16:32:49,397 - ENTER LONG: 328.63 shares at 9.20 (Weight: 30.0%, Commission: $3.02)
2025-11-27 16:32:49,397 - EXIT LONG: 328.63 shares at 9.02 | P/L: -66.45 (Commission: $5.99)
2025-11-27 16:32:49,397 - ENTER LONG: 354.60 shares at 8.47 (Weight: 30.0%, Commission: $3.00)
2025-11-27 16:32:49,397 - EXIT LONG: 354.60 shares at 8.30 | P/L: -66.02 (Commission: $5.95)
2025-11-27 16:32:49,398 - ENTER LONG: 360.35 shares at 8.28 (Weight: 30.0%, Commission: $2.98)
2025-11-27 16:32:49,398 - ENTER LONG: 256.90 shares at 8.13 (Weight: 30.0%, Commission: $2.09)
2025-11-27 16:32:49,398 - EXIT LONG: 360.35 shares at 8.11 | P/L: -65.58 (Commission: $5.91)
2025-11-27 16:32:49,398 - EXIT LONG: 256.90 shares at 7.97 | P/L: -45.91 (Commission: $4.14)
2025-11-27 16:32:49,398 - ENTER LONG: 374.40 shares at 7.88 (Weight: 30.0%, Commission: $2.95)
2025-11-27 16:32:49,398 - EXIT LONG: 374.40 shares at 8.08 | P/L: 68.90 (Commission: $5.98)
2025-11-27 16:32:49,398 - ENTER LONG: 361.87 shares at 8.21 (Weight: 30.0%, Commission: $2.97)
2025-11-27 16:32:49,398 - EXIT LONG: 361.87 shares at 8.33 | P/L: 37.44 (Commission: $5.99)
2025-11-27 16:32:49,398 - ENTER LONG: 363.68 shares at 8.20 (Weight: 30.0%, Commission: $2.98)
2025-11-27 16:32:49,398 - ENTER LONG: 259.64 shares at 8.04 (Weight: 30.0%, Commission: $2.09)
2025-11-27 16:32:49,398 - EXIT LONG: 363.68 shares at 8.04 | P/L: -65.55 (Commission: $5.90)
2025-11-27 16:32:49,398 - EXIT LONG: 259.64 shares at 8.22 | P/L: 42.51 (Commission: $4.22)
2025-11-27 16:32:49,398 - ENTER LONG: 365.06 shares at 8.15 (Weight: 30.0%, Commission: $2.98)
2025-11-27 16:32:49,398 - EXIT LONG: 365.06 shares at 8.45 | P/L: 103.46 (Commission: $6.06)
2025-11-27 16:32:49,398 - ENTER LONG: 358.74 shares at 8.38 (Weight: 30.0%, Commission: $3.01)
2025-11-27 16:32:49,398 - EXIT LONG: 358.74 shares at 8.21 | P/L: -66.08 (Commission: $5.95)
2025-11-27 16:32:49,398 - ENTER LONG: 374.24 shares at 7.98 (Weight: 30.0%, Commission: $2.99)
2025-11-27 16:32:49,398 - EXIT LONG: 374.24 shares at 8.09 | P/L: 35.15 (Commission: $6.01)
2025-11-27 16:32:49,398 - ENTER LONG: 359.78 shares at 8.33 (Weight: 30.0%, Commission: $3.00)
2025-11-27 16:32:49,399 - EXIT LONG: 359.78 shares at 8.58 | P/L: 83.86 (Commission: $6.08)
2025-11-27 16:32:49,399 - ENTER LONG: 346.17 shares at 8.73 (Weight: 30.0%, Commission: $3.02)
2025-11-27 16:32:49,399 - EXIT LONG: 346.17 shares at 8.56 | P/L: -66.43 (Commission: $5.98)
2025-11-27 16:32:49,399 - ENTER LONG: 353.62 shares at 8.49 (Weight: 30.0%, Commission: $3.00)
2025-11-27 16:32:49,399 - EXIT LONG: 353.62 shares at 8.32 | P/L: -65.99 (Commission: $5.94)
2025-11-27 16:32:49,399 - ENTER LONG: 365.94 shares at 8.15 (Weight: 30.0%, Commission: $2.98)
2025-11-27 16:32:49,399 - ENTER LONG: 257.74 shares at 8.10 (Weight: 30.0%, Commission: $2.09)
2025-11-27 16:32:49,399 - EXIT LONG: 365.94 shares at 7.99 | P/L: -65.55 (Commission: $5.91)
2025-11-27 16:32:49,399 - EXIT LONG: 257.74 shares at 7.94 | P/L: -45.89 (Commission: $4.13)
2025-11-27 16:32:49,399 - ENTER LONG: 380.52 shares at 7.75 (Weight: 30.0%, Commission: $2.95)
2025-11-27 16:32:49,399 - EXIT LONG: 380.52 shares at 7.59 | P/L: -64.82 (Commission: $5.84)
2025-11-27 16:32:49,399 - ENTER LONG: 296.52 shares at 9.88 (Weight: 30.0%, Commission: $2.93)
2025-11-27 16:32:49,399 - EXIT LONG: 296.52 shares at 9.68 | P/L: -64.39 (Commission: $5.80)
2025-11-27 16:32:49,399 - ENTER LONG: 306.35 shares at 9.50 (Weight: 30.0%, Commission: $2.91)
2025-11-27 16:32:49,399 - ENTER LONG: 215.12 shares at 9.47 (Weight: 30.0%, Commission: $2.04)
2025-11-27 16:32:49,399 - EXIT LONG: 306.35 shares at 9.97 | P/L: 139.55 (Commission: $5.97)
2025-11-27 16:32:49,399 - EXIT LONG: 215.12 shares at 9.94 | P/L: 97.68 (Commission: $4.18)
2025-11-27 16:32:49,399 - ENTER LONG: 243.78 shares at 12.23 (Weight: 30.0%, Commission: $2.98)
2025-11-27 16:32:49,399 - EXIT LONG: 243.78 shares at 12.84 | P/L: 142.59 (Commission: $6.11)
2025-11-27 16:32:49,400 - ENTER LONG: 207.99 shares at 14.54 (Weight: 30.0%, Commission: $3.02)
2025-11-27 16:32:49,400 - EXIT LONG: 207.99 shares at 15.24 | P/L: 139.40 (Commission: $6.19)
2025-11-27 16:32:49,400 - ENTER LONG: 208.71 shares at 14.69 (Weight: 30.0%, Commission: $3.07)
2025-11-27 16:32:49,400 - EXIT LONG: 208.71 shares at 15.19 | P/L: 98.12 (Commission: $6.24)
2025-11-27 16:32:49,400 - ENTER LONG: 206.08 shares at 15.02 (Weight: 30.0%, Commission: $3.10)
2025-11-27 16:32:49,400 - EXIT LONG: 206.08 shares at 15.65 | P/L: 123.51 (Commission: $6.32)
2025-11-27 16:32:49,400 - ENTER LONG: 196.88 shares at 15.91 (Weight: 30.0%, Commission: $3.13)
2025-11-27 16:32:49,400 - EXIT LONG: 196.88 shares at 16.60 | P/L: 129.45 (Commission: $6.40)
2025-11-27 16:32:49,400 - ENTER LONG: 194.55 shares at 16.30 (Weight: 30.0%, Commission: $3.17)
2025-11-27 16:32:49,400 - EXIT LONG: 194.55 shares at 15.97 | P/L: -69.70 (Commission: $6.28)
2025-11-27 16:32:49,400 - ENTER LONG: 199.51 shares at 15.79 (Weight: 30.0%, Commission: $3.15)
2025-11-27 16:32:49,400 - EXIT LONG: 199.51 shares at 15.47 | P/L: -69.24 (Commission: $6.24)
2025-11-27 16:32:49,400 - ENTER LONG: 213.76 shares at 14.64 (Weight: 30.0%, Commission: $3.13)
2025-11-27 16:32:49,400 - EXIT LONG: 213.76 shares at 14.35 | P/L: -68.79 (Commission: $6.20)
2025-11-27 16:32:49,400 - ENTER LONG: 221.27 shares at 14.05 (Weight: 30.0%, Commission: $3.11)
2025-11-27 16:32:49,400 - ENTER LONG: 156.11 shares at 13.94 (Weight: 30.0%, Commission: $2.18)
2025-11-27 16:32:49,400 - EXIT LONG: 221.27 shares at 14.61 | P/L: 117.57 (Commission: $6.34)
2025-11-27 16:32:49,400 - EXIT LONG: 156.11 shares at 14.61 | P/L: 100.14 (Commission: $4.46)
2025-11-27 16:32:49,400 - ENTER LONG: 208.82 shares at 15.20 (Weight: 30.0%, Commission: $3.17)
2025-11-27 16:32:49,400 - EXIT LONG: 208.82 shares at 15.33 | P/L: 20.77 (Commission: $6.38)
2025-11-27 16:32:49,400 - ENTER LONG: 210.20 shares at 15.13 (Weight: 30.0%, Commission: $3.18)
2025-11-27 16:32:49,400 - EXIT LONG: 210.20 shares at 15.34 | P/L: 37.74 (Commission: $6.40)
2025-11-27 16:32:49,400 - ENTER LONG: 194.61 shares at 16.40 (Weight: 30.0%, Commission: $3.19)
2025-11-27 16:32:49,400 - EXIT LONG: 194.61 shares at 17.22 | P/L: 153.04 (Commission: $6.54)
2025-11-27 16:32:49,401 - ENTER LONG: 189.00 shares at 17.13 (Weight: 30.0%, Commission: $3.24)
2025-11-27 16:32:49,401 - EXIT LONG: 189.00 shares at 16.79 | P/L: -71.16 (Commission: $6.41)
2025-11-27 16:32:49,401 - ENTER LONG: 195.75 shares at 16.43 (Weight: 30.0%, Commission: $3.22)
2025-11-27 16:32:49,401 - ENTER LONG: 137.95 shares at 16.32 (Weight: 30.0%, Commission: $2.25)
2025-11-27 16:32:49,401 - EXIT LONG: 195.75 shares at 16.55 | P/L: 17.03 (Commission: $6.46)
2025-11-27 16:32:49,401 - EXIT LONG: 137.95 shares at 16.55 | P/L: 27.19 (Commission: $4.53)
2025-11-27 16:32:49,401 - ENTER LONG: 196.56 shares at 16.43 (Weight: 30.0%, Commission: $3.23)
2025-11-27 16:32:49,401 - ENTER LONG: 139.98 shares at 16.15 (Weight: 30.0%, Commission: $2.26)
2025-11-27 16:32:49,401 - EXIT LONG: 196.56 shares at 17.25 | P/L: 154.85 (Commission: $6.62)
2025-11-27 16:32:49,401 - EXIT LONG: 139.98 shares at 16.96 | P/L: 108.40 (Commission: $4.63)
2025-11-27 16:32:49,401 - ENTER LONG: 174.40 shares at 18.97 (Weight: 30.0%, Commission: $3.31)
2025-11-27 16:32:49,401 - ENTER LONG: 123.78 shares at 18.71 (Weight: 30.0%, Commission: $2.32)
2025-11-27 16:32:49,401 - EXIT LONG: 174.40 shares at 18.59 | P/L: -72.72 (Commission: $6.55)
2025-11-27 16:32:49,401 - EXIT LONG: 123.78 shares at 18.34 | P/L: -50.90 (Commission: $4.59)
2025-11-27 16:32:49,401 - ENTER LONG: 179.74 shares at 18.20 (Weight: 30.0%, Commission: $3.27)
2025-11-27 16:32:49,401 - ENTER LONG: 127.29 shares at 17.99 (Weight: 30.0%, Commission: $2.29)
2025-11-27 16:32:49,401 - EXIT LONG: 179.74 shares at 17.84 | P/L: -71.90 (Commission: $6.48)
2025-11-27 16:32:49,401 - EXIT LONG: 127.29 shares at 17.63 | P/L: -50.33 (Commission: $4.53)
2025-11-27 16:32:49,401 - ENTER LONG: 210.45 shares at 15.37 (Weight: 30.0%, Commission: $3.23)
2025-11-27 16:32:49,401 - EXIT LONG: 210.45 shares at 15.45 | P/L: 10.35 (Commission: $6.49)
2025-11-27 16:32:49,401 - ENTER LONG: 228.82 shares at 14.15 (Weight: 30.0%, Commission: $3.24)
2025-11-27 16:32:49,401 - EXIT LONG: 228.82 shares at 14.40 | P/L: 50.67 (Commission: $6.53)
2025-11-27 16:32:49,401 - ENTER LONG: 230.05 shares at 14.14 (Weight: 30.0%, Commission: $3.25)
2025-11-27 16:32:49,401 - EXIT LONG: 230.05 shares at 14.53 | P/L: 83.13 (Commission: $6.60)
2025-11-27 16:32:49,401 - ENTER LONG: 218.82 shares at 14.98 (Weight: 30.0%, Commission: $3.28)
2025-11-27 16:32:49,401 - EXIT LONG: 218.82 shares at 15.18 | P/L: 37.16 (Commission: $6.60)
2025-11-27 16:32:49,401 - ENTER LONG: 216.24 shares at 15.21 (Weight: 30.0%, Commission: $3.29)
2025-11-27 16:32:49,401 - ENTER LONG: 152.17 shares at 15.13 (Weight: 30.0%, Commission: $2.30)
2025-11-27 16:32:49,401 - EXIT LONG: 216.24 shares at 15.79 | P/L: 118.72 (Commission: $6.70)
2025-11-27 16:32:49,402 - EXIT LONG: 152.17 shares at 15.79 | P/L: 95.73 (Commission: $4.71)
2025-11-27 16:32:49,402 - ENTER LONG: 215.09 shares at 15.59 (Weight: 30.0%, Commission: $3.35)
2025-11-27 16:32:49,402 - EXIT LONG: 215.09 shares at 15.83 | P/L: 44.86 (Commission: $6.76)
2025-11-27 16:32:49,402 - ENTER LONG: 219.62 shares at 15.33 (Weight: 30.0%, Commission: $3.37)
2025-11-27 16:32:49,402 - EXIT LONG: 219.62 shares at 15.46 | P/L: 21.79 (Commission: $6.76)
2025-11-27 16:32:49,402 - ENTER LONG: 222.66 shares at 15.15 (Weight: 30.0%, Commission: $3.37)
2025-11-27 16:32:49,402 - EXIT LONG: 222.66 shares at 14.85 | P/L: -74.14 (Commission: $6.68)
2025-11-27 16:32:49,402 - ENTER LONG: 227.34 shares at 14.74 (Weight: 30.0%, Commission: $3.35)
2025-11-27 16:32:49,402 - EXIT LONG: 227.34 shares at 14.45 | P/L: -73.66 (Commission: $6.64)
2025-11-27 16:32:49,402 - ENTER LONG: 237.78 shares at 14.00 (Weight: 30.0%, Commission: $3.33)
2025-11-27 16:32:49,402 - EXIT LONG: 237.78 shares at 14.13 | P/L: 24.22 (Commission: $6.69)
2025-11-27 16:32:49,402 - ENTER LONG: 238.98 shares at 13.96 (Weight: 30.0%, Commission: $3.34)
2025-11-27 16:32:49,402 - EXIT LONG: 238.98 shares at 14.66 | P/L: 159.97 (Commission: $6.84)
2025-11-27 16:32:49,402 - ENTER LONG: 213.11 shares at 15.88 (Weight: 30.0%, Commission: $3.38)
2025-11-27 16:32:49,402 - EXIT LONG: 213.11 shares at 15.56 | P/L: -74.38 (Commission: $6.70)
2025-11-27 16:32:49,402 - ENTER LONG: 225.63 shares at 14.90 (Weight: 30.0%, Commission: $3.36)
2025-11-27 16:32:49,402 - EXIT LONG: 225.63 shares at 15.65 | P/L: 161.20 (Commission: $6.89)
2025-11-27 16:32:49,402 - ENTER LONG: 196.44 shares at 17.36 (Weight: 30.0%, Commission: $3.41)
2025-11-27 16:32:49,402 - EXIT LONG: 196.44 shares at 17.84 | P/L: 87.38 (Commission: $6.91)
2025-11-27 16:32:49,402 - ENTER LONG: 199.79 shares at 17.20 (Weight: 30.0%, Commission: $3.44)
2025-11-27 16:32:49,402 - ENTER LONG: 141.00 shares at 17.06 (Weight: 30.0%, Commission: $2.41)
2025-11-27 16:32:49,402 - EXIT LONG: 199.79 shares at 16.86 | P/L: -75.53 (Commission: $6.80)
2025-11-27 16:32:49,402 - EXIT LONG: 141.00 shares at 16.72 | P/L: -52.87 (Commission: $4.76)
2025-11-27 16:32:49,402 - ENTER LONG: 210.92 shares at 16.11 (Weight: 30.0%, Commission: $3.40)
2025-11-27 16:32:49,402 - EXIT LONG: 210.92 shares at 16.20 | P/L: 12.17 (Commission: $6.81)
2025-11-27 16:32:49,402 - ENTER LONG: 218.19 shares at 15.59 (Weight: 30.0%, Commission: $3.40)
2025-11-27 16:32:49,402 - ENTER LONG: 155.73 shares at 15.29 (Weight: 30.0%, Commission: $2.38)
2025-11-27 16:32:49,402 - EXIT LONG: 218.19 shares at 15.28 | P/L: -74.77 (Commission: $6.74)
2025-11-27 16:32:49,402 - ENTER LONG: 176.83 shares at 15.07 (Weight: 30.0%, Commission: $2.66)
2025-11-27 16:32:49,403 - EXIT LONG: 155.73 shares at 14.98 | P/L: -52.34 (Commission: $4.71)
2025-11-27 16:32:49,403 - EXIT LONG: 176.83 shares at 14.77 | P/L: -58.57 (Commission: $5.28)
2025-11-27 16:32:49,403 - ENTER LONG: 227.77 shares at 14.69 (Weight: 30.0%, Commission: $3.35)
2025-11-27 16:32:49,403 - EXIT LONG: 227.77 shares at 14.80 | P/L: 18.34 (Commission: $6.72)
2025-11-27 16:32:49,403 - ENTER LONG: 180.76 shares at 18.54 (Weight: 30.0%, Commission: $3.35)
2025-11-27 16:32:49,403 - EXIT LONG: 180.76 shares at 18.80 | P/L: 40.25 (Commission: $6.75)
2025-11-27 16:32:49,403 - ENTER LONG: 181.91 shares at 18.49 (Weight: 30.0%, Commission: $3.36)
2025-11-27 16:32:49,403 - ENTER LONG: 128.87 shares at 18.27 (Weight: 30.0%, Commission: $2.35)
2025-11-27 16:32:49,403 - EXIT LONG: 181.91 shares at 19.41 | P/L: 161.28 (Commission: $6.90)
2025-11-27 16:32:49,403 - EXIT LONG: 128.87 shares at 19.18 | P/L: 112.89 (Commission: $4.83)
2025-11-27 16:32:49,403 - ENTER LONG: 174.28 shares at 19.77 (Weight: 30.0%, Commission: $3.45)
2025-11-27 16:32:49,403 - EXIT LONG: 174.28 shares at 20.49 | P/L: 118.47 (Commission: $7.02)
2025-11-27 16:32:49,403 - ENTER LONG: 175.81 shares at 19.80 (Weight: 30.0%, Commission: $3.48)
2025-11-27 16:32:49,403 - ENTER LONG: 123.76 shares at 19.69 (Weight: 30.0%, Commission: $2.44)
2025-11-27 16:32:49,403 - EXIT LONG: 175.81 shares at 19.40 | P/L: -76.51 (Commission: $6.89)
2025-11-27 16:32:49,403 - EXIT LONG: 123.76 shares at 19.30 | P/L: -53.56 (Commission: $4.82)
2025-11-27 16:32:49,403 - ENTER LONG: 179.28 shares at 19.20 (Weight: 30.0%, Commission: $3.44)
2025-11-27 16:32:49,403 - ENTER LONG: 126.28 shares at 19.08 (Weight: 30.0%, Commission: $2.41)
2025-11-27 16:32:49,403 - EXIT LONG: 179.28 shares at 19.71 | P/L: 84.46 (Commission: $6.98)
2025-11-27 16:32:49,403 - EXIT LONG: 126.28 shares at 19.71 | P/L: 74.66 (Commission: $4.90)
2025-11-27 16:32:49,403 - ENTER LONG: 189.66 shares at 18.40 (Weight: 30.0%, Commission: $3.49)
2025-11-27 16:32:49,403 - ENTER LONG: 133.49 shares at 18.30 (Weight: 30.0%, Commission: $2.44)
2025-11-27 16:32:49,403 - EXIT LONG: 189.66 shares at 18.03 | P/L: -76.71 (Commission: $6.91)
2025-11-27 16:32:49,403 - EXIT LONG: 133.49 shares at 17.93 | P/L: -53.69 (Commission: $4.84)
2025-11-27 16:32:49,403 - ENTER LONG: 201.44 shares at 17.13 (Weight: 30.0%, Commission: $3.45)
2025-11-27 16:32:49,403 - EXIT LONG: 201.44 shares at 17.22 | P/L: 11.21 (Commission: $6.92)
2025-11-27 16:32:49,403 - ENTER LONG: 197.38 shares at 17.50 (Weight: 30.0%, Commission: $3.45)
2025-11-27 16:32:49,403 - EXIT LONG: 197.38 shares at 17.87 | P/L: 66.05 (Commission: $6.98)
2025-11-27 16:32:49,404 - ENTER LONG: 194.72 shares at 17.84 (Weight: 30.0%, Commission: $3.47)
2025-11-27 16:32:49,404 - EXIT LONG: 194.72 shares at 17.95 | P/L: 14.45 (Commission: $6.97)
2025-11-27 16:32:49,404 - ENTER LONG: 201.64 shares at 17.25 (Weight: 30.0%, Commission: $3.48)
2025-11-27 16:32:49,404 - EXIT LONG: 201.64 shares at 17.59 | P/L: 61.53 (Commission: $7.02)
2025-11-27 16:32:49,404 - ENTER LONG: 200.84 shares at 17.41 (Weight: 30.0%, Commission: $3.50)
2025-11-27 16:32:49,404 - EXIT LONG: 200.84 shares at 17.68 | P/L: 47.18 (Commission: $7.05)
2025-11-27 16:32:49,404 - ENTER LONG: 200.96 shares at 17.47 (Weight: 30.0%, Commission: $3.51)
2025-11-27 16:32:49,404 - EXIT LONG: 200.96 shares at 17.56 | P/L: 11.05 (Commission: $7.04)
2025-11-27 16:32:49,404 - ENTER LONG: 204.67 shares at 17.17 (Weight: 30.0%, Commission: $3.51)
2025-11-27 16:32:49,404 - EXIT LONG: 204.67 shares at 16.83 | P/L: -77.24 (Commission: $6.96)
2025-11-27 16:32:49,404 - ENTER LONG: 210.55 shares at 16.58 (Weight: 30.0%, Commission: $3.49)
2025-11-27 16:32:49,404 - EXIT LONG: 210.55 shares at 16.25 | P/L: -76.73 (Commission: $6.91)
2025-11-27 16:32:49,404 - ENTER LONG: 215.54 shares at 16.09 (Weight: 30.0%, Commission: $3.47)
2025-11-27 16:32:49,404 - EXIT LONG: 215.54 shares at 16.25 | P/L: 27.52 (Commission: $6.97)
2025-11-27 16:32:49,404 - ENTER LONG: 217.53 shares at 15.98 (Weight: 30.0%, Commission: $3.48)
2025-11-27 16:32:49,404 - EXIT LONG: 217.53 shares at 16.67 | P/L: 143.00 (Commission: $7.10)
2025-11-27 16:32:49,404 - ENTER LONG: 214.71 shares at 16.39 (Weight: 30.0%, Commission: $3.52)
2025-11-27 16:32:49,404 - EXIT LONG: 214.71 shares at 16.79 | P/L: 78.76 (Commission: $7.12)
2025-11-27 16:32:49,404 - ENTER LONG: 212.39 shares at 16.68 (Weight: 30.0%, Commission: $3.54)
2025-11-27 16:32:49,404 - ENTER LONG: 150.02 shares at 16.53 (Weight: 30.0%, Commission: $2.48)
2025-11-27 16:32:49,404 - ENTER LONG: 105.91 shares at 16.39 (Weight: 30.0%, Commission: $1.74)
2025-11-27 16:32:49,404 - EXIT LONG: 212.39 shares at 16.78 | P/L: 14.13 (Commission: $7.11)
2025-11-27 16:32:49,404 - EXIT LONG: 150.02 shares at 16.78 | P/L: 32.51 (Commission: $5.00)
2025-11-27 16:32:49,404 - EXIT LONG: 105.91 shares at 16.78 | P/L: 37.79 (Commission: $3.51)
2025-11-27 16:32:49,404 - ENTER LONG: 205.88 shares at 17.33 (Weight: 30.0%, Commission: $3.57)
2025-11-27 16:32:49,404 - EXIT LONG: 205.88 shares at 16.98 | P/L: -78.42 (Commission: $7.06)
2025-11-27 16:32:49,404 - ENTER LONG: 211.61 shares at 16.75 (Weight: 30.0%, Commission: $3.54)
2025-11-27 16:32:49,404 - EXIT LONG: 211.61 shares at 16.41 | P/L: -77.91 (Commission: $7.02)
2025-11-27 16:32:49,404 - ENTER LONG: 210.34 shares at 16.74 (Weight: 30.0%, Commission: $3.52)
2025-11-27 16:32:49,404 - EXIT LONG: 210.34 shares at 16.41 | P/L: -77.39 (Commission: $6.97)
2025-11-27 16:32:49,404 - ENTER LONG: 209.21 shares at 16.72 (Weight: 30.0%, Commission: $3.50)
2025-11-27 16:32:49,404 - EXIT LONG: 209.21 shares at 17.56 | P/L: 167.73 (Commission: $7.17)
2025-11-27 16:32:49,405 - ENTER LONG: 145.54 shares at 24.38 (Weight: 30.0%, Commission: $3.55)
2025-11-27 16:32:49,405 - EXIT LONG: 145.54 shares at 25.05 | P/L: 90.32 (Commission: $7.19)
2025-11-27 16:32:49,405 - ENTER LONG: 148.91 shares at 24.01 (Weight: 30.0%, Commission: $3.58)
2025-11-27 16:32:49,405 - EXIT LONG: 148.91 shares at 25.19 | P/L: 168.38 (Commission: $7.33)
2025-11-27 16:32:49,405 - ENTER LONG: 148.35 shares at 24.44 (Weight: 30.0%, Commission: $3.63)
2025-11-27 16:32:49,405 - EXIT LONG: 148.35 shares at 23.95 | P/L: -79.69 (Commission: $7.18)
2025-11-27 16:32:49,405 - ENTER LONG: 153.92 shares at 23.40 (Weight: 30.0%, Commission: $3.60)
2025-11-27 16:32:49,405 - EXIT LONG: 153.92 shares at 22.93 | P/L: -79.17 (Commission: $7.13)
2025-11-27 16:32:49,405 - ENTER LONG: 157.35 shares at 22.74 (Weight: 30.0%, Commission: $3.58)
2025-11-27 16:32:49,405 - EXIT LONG: 157.35 shares at 23.59 | P/L: 126.46 (Commission: $7.29)
2025-11-27 16:32:49,405 - ENTER LONG: 157.42 shares at 22.97 (Weight: 30.0%, Commission: $3.62)
2025-11-27 16:32:49,405 - EXIT LONG: 157.42 shares at 23.56 | P/L: 85.55 (Commission: $7.32)
2025-11-27 16:32:49,405 - ENTER LONG: 146.08 shares at 24.93 (Weight: 30.0%, Commission: $3.64)
2025-11-27 16:32:49,405 - EXIT LONG: 146.08 shares at 24.43 | P/L: -80.04 (Commission: $7.21)
2025-11-27 16:32:49,405 - ENTER LONG: 150.49 shares at 24.04 (Weight: 30.0%, Commission: $3.62)
2025-11-27 16:32:49,405 - ENTER LONG: 106.36 shares at 23.81 (Weight: 30.0%, Commission: $2.53)
2025-11-27 16:32:49,405 - EXIT LONG: 150.49 shares at 25.24 | P/L: 173.47 (Commission: $7.42)
2025-11-27 16:32:49,405 - EXIT LONG: 106.36 shares at 25.00 | P/L: 121.43 (Commission: $5.19)
2025-11-27 16:32:49,405 - ENTER LONG: 142.32 shares at 26.04 (Weight: 30.0%, Commission: $3.71)
2025-11-27 16:32:49,405 - EXIT LONG: 142.32 shares at 25.52 | P/L: -81.46 (Commission: $7.34)
2025-11-27 16:32:49,405 - ENTER LONG: 145.23 shares at 25.35 (Weight: 30.0%, Commission: $3.68)
2025-11-27 16:32:49,405 - EXIT LONG: 145.23 shares at 24.84 | P/L: -80.92 (Commission: $7.29)
2025-11-27 16:32:49,405 - ENTER LONG: 148.07 shares at 24.70 (Weight: 30.0%, Commission: $3.66)
2025-11-27 16:32:49,406 - EXIT LONG: 148.07 shares at 25.00 | P/L: 37.06 (Commission: $7.36)
2025-11-27 16:32:49,406 - ENTER LONG: 150.16 shares at 24.43 (Weight: 30.0%, Commission: $3.67)
2025-11-27 16:32:49,406 - EXIT LONG: 150.16 shares at 23.94 | P/L: -80.63 (Commission: $7.26)
2025-11-27 16:32:49,406 - ENTER LONG: 155.14 shares at 23.49 (Weight: 30.0%, Commission: $3.64)
2025-11-27 16:32:49,406 - EXIT LONG: 155.14 shares at 24.00 | P/L: 71.76 (Commission: $7.37)
2025-11-27 16:32:49,406 - ENTER LONG: 154.03 shares at 23.80 (Weight: 30.0%, Commission: $3.67)
2025-11-27 16:32:49,406 - EXIT LONG: 154.03 shares at 24.57 | P/L: 111.15 (Commission: $7.45)
2025-11-27 16:32:49,406 - ENTER LONG: 152.98 shares at 24.18 (Weight: 30.0%, Commission: $3.70)
2025-11-27 16:32:49,406 - EXIT LONG: 152.98 shares at 24.51 | P/L: 43.04 (Commission: $7.45)
2025-11-27 16:32:49,406 - ENTER LONG: 151.45 shares at 24.51 (Weight: 30.0%, Commission: $3.71)
2025-11-27 16:32:49,406 - EXIT LONG: 151.45 shares at 24.02 | P/L: -81.59 (Commission: $7.35)
2025-11-27 16:32:49,406 - ENTER LONG: 160.26 shares at 23.01 (Weight: 30.0%, Commission: $3.69)
2025-11-27 16:32:49,406 - EXIT LONG: 160.26 shares at 22.55 | P/L: -81.05 (Commission: $7.30)
2025-11-27 16:32:49,406 - ENTER LONG: 160.60 shares at 22.81 (Weight: 30.0%, Commission: $3.66)
2025-11-27 16:32:49,406 - EXIT LONG: 160.60 shares at 22.84 | P/L: -2.51 (Commission: $7.33)
2025-11-27 16:32:49,406 - ENTER LONG: 161.56 shares at 22.67 (Weight: 30.0%, Commission: $3.66)
2025-11-27 16:32:49,406 - EXIT LONG: 161.56 shares at 22.22 | P/L: -80.50 (Commission: $7.25)
2025-11-27 16:32:49,406 - ENTER LONG: 165.61 shares at 21.97 (Weight: 30.0%, Commission: $3.64)
2025-11-27 16:32:49,407 - EXIT LONG: 165.61 shares at 22.12 | P/L: 17.54 (Commission: $7.30)
2025-11-27 16:32:49,407 - ENTER LONG: 170.26 shares at 21.40 (Weight: 30.0%, Commission: $3.64)
2025-11-27 16:32:49,407 - EXIT LONG: 170.26 shares at 21.56 | P/L: 19.93 (Commission: $7.31)
2025-11-27 16:32:49,407 - ENTER LONG: 172.64 shares at 21.14 (Weight: 30.0%, Commission: $3.65)
2025-11-27 16:32:49,407 - EXIT LONG: 172.64 shares at 20.72 | P/L: -80.22 (Commission: $7.23)
2025-11-27 16:32:49,407 - ENTER LONG: 176.00 shares at 20.60 (Weight: 30.0%, Commission: $3.63)
2025-11-27 16:32:49,407 - EXIT LONG: 176.00 shares at 20.94 | P/L: 52.53 (Commission: $7.31)
2025-11-27 16:32:49,407 - ENTER LONG: 168.42 shares at 21.62 (Weight: 30.0%, Commission: $3.64)
2025-11-27 16:32:49,407 - ENTER LONG: 120.01 shares at 21.24 (Weight: 30.0%, Commission: $2.55)
2025-11-27 16:32:49,407 - EXIT LONG: 168.42 shares at 21.19 | P/L: -80.04 (Commission: $7.21)
2025-11-27 16:32:49,407 - EXIT LONG: 120.01 shares at 20.82 | P/L: -56.03 (Commission: $5.05)
2025-11-27 16:32:49,407 - ENTER LONG: 173.77 shares at 20.72 (Weight: 30.0%, Commission: $3.60)
2025-11-27 16:32:49,407 - EXIT LONG: 173.77 shares at 21.01 | P/L: 43.14 (Commission: $7.25)
2025-11-27 16:32:49,407 - ENTER LONG: 172.56 shares at 20.94 (Weight: 30.0%, Commission: $3.61)
2025-11-27 16:32:49,407 - EXIT LONG: 172.56 shares at 21.73 | P/L: 128.96 (Commission: $7.36)
2025-11-27 16:32:49,407 - ENTER LONG: 171.30 shares at 21.32 (Weight: 30.0%, Commission: $3.65)
2025-11-27 16:32:49,407 - EXIT LONG: 171.30 shares at 22.10 | P/L: 126.18 (Commission: $7.44)
2025-11-27 16:32:49,407 - ENTER LONG: 158.30 shares at 23.31 (Weight: 30.0%, Commission: $3.69)
2025-11-27 16:32:49,407 - ENTER LONG: 111.67 shares at 23.13 (Weight: 30.0%, Commission: $2.58)
2025-11-27 16:32:49,407 - EXIT LONG: 158.30 shares at 23.85 | P/L: 78.02 (Commission: $7.47)
2025-11-27 16:32:49,407 - EXIT LONG: 111.67 shares at 23.85 | P/L: 75.16 (Commission: $5.25)
2025-11-27 16:32:49,407 - ENTER LONG: 160.54 shares at 23.27 (Weight: 30.0%, Commission: $3.74)
2025-11-27 16:32:49,407 - EXIT LONG: 160.54 shares at 23.57 | P/L: 40.64 (Commission: $7.52)
2025-11-27 16:32:49,407 - ENTER LONG: 146.64 shares at 25.56 (Weight: 30.0%, Commission: $3.75)
2025-11-27 16:32:49,407 - EXIT LONG: 146.64 shares at 25.05 | P/L: -82.38 (Commission: $7.42)
2025-11-27 16:32:49,408 - ENTER LONG: 156.18 shares at 23.84 (Weight: 30.0%, Commission: $3.72)
2025-11-27 16:32:49,408 - EXIT LONG: 156.18 shares at 24.16 | P/L: 42.48 (Commission: $7.50)
2025-11-27 16:32:49,408 - ENTER LONG: 155.02 shares at 24.10 (Weight: 30.0%, Commission: $3.74)
2025-11-27 16:32:49,408 - EXIT LONG: 155.02 shares at 25.22 | P/L: 165.98 (Commission: $7.65)
2025-11-27 16:32:49,408 - ENTER LONG: 138.22 shares at 27.39 (Weight: 30.0%, Commission: $3.79)
2025-11-27 16:32:49,408 - EXIT LONG: 138.22 shares at 28.42 | P/L: 134.65 (Commission: $7.71)
2025-11-27 16:32:49,408 - ENTER LONG: 138.43 shares at 27.64 (Weight: 30.0%, Commission: $3.83)
2025-11-27 16:32:49,408 - EXIT LONG: 138.43 shares at 28.07 | P/L: 51.81 (Commission: $7.71)
2025-11-27 16:32:49,408 - ENTER LONG: 136.13 shares at 28.22 (Weight: 30.0%, Commission: $3.84)
2025-11-27 16:32:49,408 - EXIT LONG: 136.13 shares at 28.64 | P/L: 49.44 (Commission: $7.74)
2025-11-27 16:32:49,408 - ENTER LONG: 144.98 shares at 26.60 (Weight: 30.0%, Commission: $3.86)
2025-11-27 16:32:49,408 - EXIT LONG: 144.98 shares at 27.18 | P/L: 76.29 (Commission: $7.80)
2025-11-27 16:32:49,408 - ENTER LONG: 147.11 shares at 26.37 (Weight: 30.0%, Commission: $3.88)
2025-11-27 16:32:49,408 - EXIT LONG: 147.11 shares at 26.89 | P/L: 68.66 (Commission: $7.84)
2025-11-27 16:32:49,408 - ENTER LONG: 149.54 shares at 26.08 (Weight: 30.0%, Commission: $3.90)
2025-11-27 16:32:49,408 - EXIT LONG: 149.54 shares at 25.56 | P/L: -85.72 (Commission: $7.72)
2025-11-27 16:32:49,408 - ENTER LONG: 156.60 shares at 24.74 (Weight: 30.0%, Commission: $3.87)
2025-11-27 16:32:49,408 - EXIT LONG: 156.60 shares at 24.25 | P/L: -85.16 (Commission: $7.67)
2025-11-27 16:32:49,408 - ENTER LONG: 159.77 shares at 24.09 (Weight: 30.0%, Commission: $3.85)
2025-11-27 16:32:49,408 - EXIT LONG: 159.77 shares at 25.29 | P/L: 184.55 (Commission: $7.89)
2025-11-27 16:32:49,408 - ENTER LONG: 148.33 shares at 26.32 (Weight: 30.0%, Commission: $3.90)
2025-11-27 16:32:49,408 - EXIT LONG: 148.33 shares at 27.64 | P/L: 187.20 (Commission: $8.00)
2025-11-27 16:32:49,408 - ENTER LONG: 134.79 shares at 29.38 (Weight: 30.0%, Commission: $3.96)
2025-11-27 16:32:49,409 - EXIT LONG: 134.79 shares at 30.39 | P/L: 128.08 (Commission: $8.06)
2025-11-27 16:32:49,409 - ENTER LONG: 123.72 shares at 32.32 (Weight: 30.0%, Commission: $4.00)
2025-11-27 16:32:49,409 - EXIT LONG: 123.72 shares at 32.54 | P/L: 19.19 (Commission: $8.02)
2025-11-27 16:32:49,409 - ENTER LONG: 125.45 shares at 31.92 (Weight: 30.0%, Commission: $4.00)
2025-11-27 16:32:49,409 - EXIT LONG: 125.45 shares at 31.28 | P/L: -88.01 (Commission: $7.93)
2025-11-27 16:32:49,409 - ENTER LONG: 128.94 shares at 30.85 (Weight: 30.0%, Commission: $3.98)
2025-11-27 16:32:49,409 - ENTER LONG: 91.72 shares at 30.36 (Weight: 30.0%, Commission: $2.78)
2025-11-27 16:32:49,409 - EXIT LONG: 128.94 shares at 31.00 | P/L: 11.37 (Commission: $7.98)
2025-11-27 16:32:49,409 - EXIT LONG: 91.72 shares at 31.00 | P/L: 53.07 (Commission: $5.63)
2025-11-27 16:32:49,409 - ENTER LONG: 131.01 shares at 30.51 (Weight: 30.0%, Commission: $4.00)
2025-11-27 16:32:49,409 - ENTER LONG: 92.77 shares at 30.16 (Weight: 30.0%, Commission: $2.80)
2025-11-27 16:32:49,409 - EXIT LONG: 131.01 shares at 30.33 | P/L: -31.55 (Commission: $7.97)
2025-11-27 16:32:49,409 - EXIT LONG: 92.77 shares at 30.33 | P/L: 10.16 (Commission: $5.61)
2025-11-27 16:32:49,409 - ENTER LONG: 108.15 shares at 36.90 (Weight: 30.0%, Commission: $3.99)
2025-11-27 16:32:49,409 - EXIT LONG: 108.15 shares at 37.12 | P/L: 15.79 (Commission: $8.01)
2025-11-27 16:32:49,409 - ENTER LONG: 108.46 shares at 36.84 (Weight: 30.0%, Commission: $4.00)
2025-11-27 16:32:49,409 - EXIT LONG: 108.46 shares at 37.20 | P/L: 31.01 (Commission: $8.03)
2025-11-27 16:32:49,409 - ENTER LONG: 109.84 shares at 36.46 (Weight: 30.0%, Commission: $4.00)
2025-11-27 16:32:49,409 - EXIT LONG: 109.84 shares at 37.49 | P/L: 105.02 (Commission: $8.12)
2025-11-27 16:32:49,410 - ENTER LONG: 103.79 shares at 38.89 (Weight: 30.0%, Commission: $4.04)
2025-11-27 16:32:49,410 - EXIT LONG: 103.79 shares at 40.83 | P/L: 193.54 (Commission: $8.27)
2025-11-27 16:32:49,410 - ENTER LONG: 96.50 shares at 42.43 (Weight: 30.0%, Commission: $4.09)
2025-11-27 16:32:49,410 - ENTER LONG: 68.35 shares at 41.93 (Weight: 30.0%, Commission: $2.87)
2025-11-27 16:32:49,410 - EXIT LONG: 96.50 shares at 42.97 | P/L: 43.87 (Commission: $8.24)
2025-11-27 16:32:49,410 - EXIT LONG: 68.35 shares at 42.97 | P/L: 65.28 (Commission: $5.80)
2025-11-27 16:32:49,410 - ENTER LONG: 96.65 shares at 42.70 (Weight: 30.0%, Commission: $4.13)
2025-11-27 16:32:49,410 - EXIT LONG: 96.65 shares at 42.94 | P/L: 14.92 (Commission: $8.28)
2025-11-27 16:32:49,410 - ENTER LONG: 97.01 shares at 42.59 (Weight: 30.0%, Commission: $4.13)
2025-11-27 16:32:49,410 - EXIT LONG: 97.01 shares at 43.56 | P/L: 85.74 (Commission: $8.36)
2025-11-27 16:32:49,410 - ENTER LONG: 95.15 shares at 43.69 (Weight: 30.0%, Commission: $4.16)
2025-11-27 16:32:49,410 - EXIT LONG: 95.15 shares at 42.82 | P/L: -91.38 (Commission: $8.23)
2025-11-27 16:32:49,410 - ENTER LONG: 99.37 shares at 41.56 (Weight: 30.0%, Commission: $4.13)
2025-11-27 16:32:49,410 - EXIT LONG: 99.37 shares at 41.92 | P/L: 27.48 (Commission: $8.30)
2025-11-27 16:32:49,410 - ENTER LONG: 99.93 shares at 41.41 (Weight: 30.0%, Commission: $4.14)
2025-11-27 16:32:49,410 - EXIT LONG: 99.93 shares at 43.48 | P/L: 198.42 (Commission: $8.48)
2025-11-27 16:32:49,410 - ENTER LONG: 70.13 shares at 59.85 (Weight: 30.0%, Commission: $4.20)
2025-11-27 16:32:49,410 - EXIT LONG: 70.13 shares at 60.70 | P/L: 51.16 (Commission: $8.45)
2025-11-27 16:32:49,410 - ENTER LONG: 71.19 shares at 59.18 (Weight: 30.0%, Commission: $4.21)
2025-11-27 16:32:49,410 - EXIT LONG: 71.19 shares at 62.14 | P/L: 202.01 (Commission: $8.64)
2025-11-27 16:32:49,410 - ENTER LONG: 69.76 shares at 61.26 (Weight: 30.0%, Commission: $4.27)
2025-11-27 16:32:49,410 - EXIT LONG: 69.76 shares at 62.98 | P/L: 111.32 (Commission: $8.67)
2025-11-27 16:32:49,410 - ENTER LONG: 69.33 shares at 62.12 (Weight: 30.0%, Commission: $4.31)
2025-11-27 16:32:49,410 - ENTER LONG: 49.13 shares at 61.36 (Weight: 30.0%, Commission: $3.01)
2025-11-27 16:32:49,411 - EXIT LONG: 69.33 shares at 64.35 | P/L: 145.84 (Commission: $8.77)
2025-11-27 16:32:49,411 - EXIT LONG: 49.13 shares at 64.35 | P/L: 140.73 (Commission: $6.18)
2025-11-27 16:32:49,411 - ENTER LONG: 66.16 shares at 66.39 (Weight: 30.0%, Commission: $4.39)
2025-11-27 16:32:49,411 - EXIT LONG: 66.16 shares at 69.71 | P/L: 210.63 (Commission: $9.00)
2025-11-27 16:32:49,411 - ENTER LONG: 63.79 shares at 69.85 (Weight: 30.0%, Commission: $4.46)
2025-11-27 16:32:49,411 - EXIT LONG: 63.79 shares at 71.87 | P/L: 119.82 (Commission: $9.04)
2025-11-27 16:32:49,411 - ENTER LONG: 61.99 shares at 72.46 (Weight: 30.0%, Commission: $4.49)
2025-11-27 16:32:49,411 - EXIT LONG: 61.99 shares at 71.01 | P/L: -98.73 (Commission: $8.89)
2025-11-27 16:32:49,411 - ENTER LONG: 62.94 shares at 70.89 (Weight: 30.0%, Commission: $4.46)
2025-11-27 16:32:49,411 - EXIT LONG: 62.94 shares at 72.51 | P/L: 92.94 (Commission: $9.03)
2025-11-27 16:32:49,411 - ENTER LONG: 60.36 shares at 74.39 (Weight: 30.0%, Commission: $4.49)
2025-11-27 16:32:49,411 - EXIT LONG: 60.36 shares at 72.90 | P/L: -98.69 (Commission: $8.89)
2025-11-27 16:32:49,411 - ENTER LONG: 62.37 shares at 71.51 (Weight: 30.0%, Commission: $4.46)
2025-11-27 16:32:49,411 - EXIT LONG: 62.37 shares at 74.21 | P/L: 159.32 (Commission: $9.09)
2025-11-27 16:32:49,411 - ENTER LONG: 57.01 shares at 79.08 (Weight: 30.0%, Commission: $4.51)
2025-11-27 16:32:49,411 - EXIT LONG: 57.01 shares at 77.50 | P/L: -99.09 (Commission: $8.93)
2025-11-27 16:32:49,411 - ENTER LONG: 58.03 shares at 77.18 (Weight: 30.0%, Commission: $4.48)
2025-11-27 16:32:49,411 - EXIT LONG: 58.03 shares at 75.64 | P/L: -98.44 (Commission: $8.87)
2025-11-27 16:32:49,411 - ENTER LONG: 58.82 shares at 75.63 (Weight: 30.0%, Commission: $4.45)
2025-11-27 16:32:49,411 - ENTER LONG: 41.42 shares at 75.19 (Weight: 30.0%, Commission: $3.11)
2025-11-27 16:32:49,411 - EXIT LONG: 58.82 shares at 79.41 | P/L: 213.33 (Commission: $9.12)
2025-11-27 16:32:49,411 - EXIT LONG: 41.42 shares at 78.95 | P/L: 149.33 (Commission: $6.38)
2025-11-27 16:32:49,411 - ENTER LONG: 60.03 shares at 75.92 (Weight: 30.0%, Commission: $4.56)
2025-11-27 16:32:49,411 - EXIT LONG: 60.03 shares at 74.40 | P/L: -100.18 (Commission: $9.02)
2025-11-27 16:32:49,411 - ENTER LONG: 64.69 shares at 69.99 (Weight: 30.0%, Commission: $4.53)
2025-11-27 16:32:49,411 - EXIT LONG: 64.69 shares at 68.59 | P/L: -99.52 (Commission: $8.96)
2025-11-27 16:32:49,412 - ENTER LONG: 59.62 shares at 75.44 (Weight: 30.0%, Commission: $4.50)
2025-11-27 16:32:49,412 - EXIT LONG: 59.62 shares at 79.21 | P/L: 215.67 (Commission: $9.22)
2025-11-27 16:32:49,412 - ENTER LONG: 57.20 shares at 79.76 (Weight: 30.0%, Commission: $4.56)
2025-11-27 16:32:49,412 - EXIT LONG: 57.20 shares at 81.22 | P/L: 74.31 (Commission: $9.21)
2025-11-27 16:32:49,412 - ENTER LONG: 45.23 shares at 101.36 (Weight: 30.0%, Commission: $4.58)
2025-11-27 16:32:49,412 - EXIT LONG: 45.23 shares at 106.43 | P/L: 219.84 (Commission: $9.40)
2025-11-27 16:32:49,412 - ENTER LONG: 41.29 shares at 112.62 (Weight: 30.0%, Commission: $4.65)
2025-11-27 16:32:49,412 - EXIT LONG: 41.29 shares at 117.39 | P/L: 187.48 (Commission: $9.50)
2025-11-27 16:32:49,412 - ENTER LONG: 42.00 shares at 112.06 (Weight: 30.0%, Commission: $4.71)
2025-11-27 16:32:49,412 - EXIT LONG: 42.00 shares at 109.82 | P/L: -103.45 (Commission: $9.32)
2025-11-27 16:32:49,412 - ENTER LONG: 44.00 shares at 106.27 (Weight: 30.0%, Commission: $4.68)
2025-11-27 16:32:49,412 - EXIT LONG: 44.00 shares at 104.14 | P/L: -102.77 (Commission: $9.26)
2025-11-27 16:32:49,412 - ENTER LONG: 45.83 shares at 101.35 (Weight: 30.0%, Commission: $4.64)
2025-11-27 16:32:49,412 - EXIT LONG: 45.83 shares at 99.32 | P/L: -102.10 (Commission: $9.20)
2025-11-27 16:32:49,412 - ENTER LONG: 50.89 shares at 90.68 (Weight: 30.0%, Commission: $4.61)
2025-11-27 16:32:49,412 - EXIT LONG: 50.89 shares at 88.87 | P/L: -101.42 (Commission: $9.14)
2025-11-27 16:32:49,412 - ENTER LONG: 52.19 shares at 87.84 (Weight: 30.0%, Commission: $4.58)
2025-11-27 16:32:49,412 - EXIT LONG: 52.19 shares at 89.31 | P/L: 67.47 (Commission: $9.24)
2025-11-27 16:32:49,412 - ENTER LONG: 54.31 shares at 84.77 (Weight: 30.0%, Commission: $4.60)
2025-11-27 16:32:49,412 - EXIT LONG: 54.31 shares at 84.40 | P/L: -29.28 (Commission: $9.19)
2025-11-27 16:32:49,412 - ENTER LONG: 57.11 shares at 80.46 (Weight: 30.0%, Commission: $4.60)
2025-11-27 16:32:49,412 - EXIT LONG: 57.11 shares at 84.48 | P/L: 220.35 (Commission: $9.42)
2025-11-27 16:32:49,412 - ENTER LONG: 61.03 shares at 76.38 (Weight: 30.0%, Commission: $4.66)
2025-11-27 16:32:49,413 - EXIT LONG: 61.03 shares at 78.05 | P/L: 92.49 (Commission: $9.42)
2025-11-27 16:32:49,413 - ENTER LONG: 58.89 shares at 79.62 (Weight: 30.0%, Commission: $4.69)
2025-11-27 16:32:49,413 - EXIT LONG: 58.89 shares at 83.60 | P/L: 224.84 (Commission: $9.61)
2025-11-27 16:32:49,413 - ENTER LONG: 56.70 shares at 83.89 (Weight: 30.0%, Commission: $4.76)
2025-11-27 16:32:49,413 - EXIT LONG: 56.70 shares at 86.10 | P/L: 115.67 (Commission: $9.64)
2025-11-27 16:32:49,413 - ENTER LONG: 51.92 shares at 92.28 (Weight: 30.0%, Commission: $4.79)
2025-11-27 16:32:49,413 - EXIT LONG: 51.92 shares at 90.43 | P/L: -105.31 (Commission: $9.49)
2025-11-27 16:32:49,413 - ENTER LONG: 52.83 shares at 90.09 (Weight: 30.0%, Commission: $4.76)
2025-11-27 16:32:49,413 - EXIT LONG: 52.83 shares at 88.29 | P/L: -104.62 (Commission: $9.42)
2025-11-27 16:32:49,413 - ENTER LONG: 55.08 shares at 85.85 (Weight: 30.0%, Commission: $4.73)
2025-11-27 16:32:49,413 - ENTER LONG: 39.22 shares at 84.40 (Weight: 30.0%, Commission: $3.31)
2025-11-27 16:32:49,413 - EXIT LONG: 55.08 shares at 87.45 | P/L: 78.58 (Commission: $9.54)
2025-11-27 16:32:49,413 - EXIT LONG: 39.22 shares at 87.45 | P/L: 112.87 (Commission: $6.74)
2025-11-27 16:32:49,413 - ENTER LONG: 57.24 shares at 83.60 (Weight: 30.0%, Commission: $4.79)
2025-11-27 16:32:49,413 - EXIT LONG: 57.24 shares at 81.93 | P/L: -105.19 (Commission: $9.48)
2025-11-27 16:32:49,413 - ENTER LONG: 64.24 shares at 74.01 (Weight: 30.0%, Commission: $4.75)
2025-11-27 16:32:49,413 - EXIT LONG: 64.24 shares at 77.71 | P/L: 227.96 (Commission: $9.75)
2025-11-27 16:32:49,413 - ENTER LONG: 62.37 shares at 77.32 (Weight: 30.0%, Commission: $4.82)
2025-11-27 16:32:49,413 - EXIT LONG: 62.37 shares at 81.19 | P/L: 231.24 (Commission: $9.89)
2025-11-27 16:32:49,413 - ENTER LONG: 55.22 shares at 88.59 (Weight: 30.0%, Commission: $4.89)
2025-11-27 16:32:49,413 - EXIT LONG: 55.22 shares at 92.62 | P/L: 212.52 (Commission: $10.01)
2025-11-27 16:32:49,413 - ENTER LONG: 53.45 shares at 92.71 (Weight: 30.0%, Commission: $4.96)
2025-11-27 16:32:49,413 - EXIT LONG: 53.45 shares at 93.78 | P/L: 47.22 (Commission: $9.97)
2025-11-27 16:32:49,414 - ENTER LONG: 54.73 shares at 90.80 (Weight: 30.0%, Commission: $4.97)
2025-11-27 16:32:49,414 - EXIT LONG: 54.73 shares at 93.99 | P/L: 164.48 (Commission: $10.11)
2025-11-27 16:32:49,414 - ENTER LONG: 43.19 shares at 116.20 (Weight: 30.0%, Commission: $5.02)
2025-11-27 16:32:49,414 - EXIT LONG: 43.19 shares at 122.01 | P/L: 240.66 (Commission: $10.29)
2025-11-27 16:32:49,414 - ENTER LONG: 46.77 shares at 108.86 (Weight: 30.0%, Commission: $5.09)
2025-11-27 16:32:49,414 - EXIT LONG: 46.77 shares at 110.48 | P/L: 65.50 (Commission: $10.26)
2025-11-27 16:32:49,414 - ENTER LONG: 43.57 shares at 117.30 (Weight: 30.0%, Commission: $5.11)
2025-11-27 16:32:49,414 - EXIT LONG: 43.57 shares at 118.46 | P/L: 40.27 (Commission: $10.27)
2025-11-27 16:32:49,414 - ENTER LONG: 39.98 shares at 128.12 (Weight: 30.0%, Commission: $5.12)
2025-11-27 16:32:49,414 - EXIT LONG: 39.98 shares at 129.52 | P/L: 45.68 (Commission: $10.30)
2025-11-27 16:32:49,414 - ENTER LONG: 40.66 shares at 126.33 (Weight: 30.0%, Commission: $5.14)
2025-11-27 16:32:49,414 - ENTER LONG: 28.63 shares at 125.59 (Weight: 30.0%, Commission: $3.60)
2025-11-27 16:32:49,414 - EXIT LONG: 40.66 shares at 123.80 | P/L: -112.90 (Commission: $10.17)
2025-11-27 16:32:49,414 - EXIT LONG: 28.63 shares at 123.08 | P/L: -79.03 (Commission: $7.12)
2025-11-27 16:32:49,414 - ENTER LONG: 42.12 shares at 120.58 (Weight: 30.0%, Commission: $5.08)
2025-11-27 16:32:49,414 - EXIT LONG: 42.12 shares at 122.29 | P/L: 61.80 (Commission: $10.23)
2025-11-27 16:32:49,414 - ENTER LONG: 41.67 shares at 122.32 (Weight: 30.0%, Commission: $5.10)
2025-11-27 16:32:49,414 - EXIT LONG: 41.67 shares at 128.44 | P/L: 244.42 (Commission: $10.45)
2025-11-27 16:32:49,414 - ENTER LONG: 39.77 shares at 130.01 (Weight: 30.0%, Commission: $5.17)
2025-11-27 16:32:49,415 - EXIT LONG: 39.77 shares at 127.41 | P/L: -113.65 (Commission: $10.24)
2025-11-27 16:32:49,415 - ENTER LONG: 42.84 shares at 119.91 (Weight: 30.0%, Commission: $5.14)
2025-11-27 16:32:49,415 - EXIT LONG: 42.84 shares at 125.91 | P/L: 246.30 (Commission: $10.53)
2025-11-27 16:32:49,415 - ENTER LONG: 38.54 shares at 135.19 (Weight: 30.0%, Commission: $5.21)
2025-11-27 16:32:49,415 - EXIT LONG: 38.54 shares at 137.40 | P/L: 74.67 (Commission: $10.51)
2025-11-27 16:32:49,415 - ENTER LONG: 37.86 shares at 138.20 (Weight: 30.0%, Commission: $5.23)
2025-11-27 16:32:49,415 - EXIT LONG: 37.86 shares at 139.96 | P/L: 56.11 (Commission: $10.53)
2025-11-27 16:32:49,415 - ENTER LONG: 38.23 shares at 137.30 (Weight: 30.0%, Commission: $5.25)
2025-11-27 16:32:49,415 - EXIT LONG: 38.23 shares at 139.92 | P/L: 89.58 (Commission: $10.60)
2025-11-27 16:32:49,415 - ENTER LONG: 40.36 shares at 130.74 (Weight: 30.0%, Commission: $5.28)
2025-11-27 16:32:49,415 - EXIT LONG: 40.36 shares at 136.32 | P/L: 214.42 (Commission: $10.78)
2025-11-27 16:32:49,415 - ENTER LONG: 40.87 shares at 130.68 (Weight: 30.0%, Commission: $5.34)
2025-11-27 16:32:49,415 - EXIT LONG: 40.87 shares at 132.12 | P/L: 48.11 (Commission: $10.74)
2025-11-27 16:32:49,415 - ENTER LONG: 35.28 shares at 151.79 (Weight: 30.0%, Commission: $5.36)
2025-11-27 16:32:49,415 - ENTER LONG: 25.15 shares at 149.07 (Weight: 30.0%, Commission: $3.75)
2025-11-27 16:32:49,415 - EXIT LONG: 35.28 shares at 154.63 | P/L: 89.38 (Commission: $10.81)
2025-11-27 16:32:49,415 - EXIT LONG: 25.15 shares at 154.63 | P/L: 132.18 (Commission: $7.64)
2025-11-27 16:32:49,415 - ENTER LONG: 34.34 shares at 157.88 (Weight: 30.0%, Commission: $5.42)
2025-11-27 16:32:49,415 - ENTER LONG: 24.29 shares at 156.24 (Weight: 30.0%, Commission: $3.80)
2025-11-27 16:32:49,415 - EXIT LONG: 34.34 shares at 158.61 | P/L: 14.20 (Commission: $10.87)
2025-11-27 16:32:49,415 - EXIT LONG: 24.29 shares at 158.61 | P/L: 49.92 (Commission: $7.65)
2025-11-27 16:32:49,415 - ENTER LONG: 35.27 shares at 154.27 (Weight: 30.0%, Commission: $5.44)
2025-11-27 16:32:49,416 - EXIT LONG: 35.27 shares at 160.66 | P/L: 214.25 (Commission: $11.11)
2025-11-27 16:32:49,416 - ENTER LONG: 30.13 shares at 182.68 (Weight: 30.0%, Commission: $5.50)
2025-11-27 16:32:49,416 - EXIT LONG: 30.13 shares at 186.97 | P/L: 118.14 (Commission: $11.14)
2025-11-27 16:32:49,416 - ENTER LONG: 30.05 shares at 184.37 (Weight: 30.0%, Commission: $5.54)
2025-11-27 16:32:49,416 - ENTER LONG: 21.42 shares at 181.02 (Weight: 30.0%, Commission: $3.88)
2025-11-27 16:32:49,416 - EXIT LONG: 30.05 shares at 180.68 | P/L: -121.78 (Commission: $10.97)
2025-11-27 16:32:49,416 - EXIT LONG: 21.42 shares at 177.40 | P/L: -85.24 (Commission: $7.68)
2025-11-27 16:32:49,416 - ENTER LONG: 30.92 shares at 177.17 (Weight: 30.0%, Commission: $5.48)
2025-11-27 16:32:49,416 - ENTER LONG: 22.04 shares at 174.03 (Weight: 30.0%, Commission: $3.83)
2025-11-27 16:32:49,416 - EXIT LONG: 30.92 shares at 173.63 | P/L: -120.41 (Commission: $10.85)
2025-11-27 16:32:49,416 - EXIT LONG: 22.04 shares at 170.55 | P/L: -84.29 (Commission: $7.59)
2025-11-27 16:32:49,416 - ENTER LONG: 34.34 shares at 157.75 (Weight: 30.0%, Commission: $5.42)
2025-11-27 16:32:49,416 - EXIT LONG: 34.34 shares at 158.74 | P/L: 23.13 (Commission: $10.87)
2025-11-27 16:32:49,416 - ENTER LONG: 34.51 shares at 157.17 (Weight: 30.0%, Commission: $5.42)
2025-11-27 16:32:49,416 - EXIT LONG: 34.51 shares at 160.87 | P/L: 116.71 (Commission: $10.98)
2025-11-27 16:32:49,416 - ENTER LONG: 34.83 shares at 156.72 (Weight: 30.0%, Commission: $5.46)
2025-11-27 16:32:49,416 - EXIT LONG: 34.83 shares at 158.12 | P/L: 37.80 (Commission: $10.97)
2025-11-27 16:32:49,416 - ENTER LONG: 34.91 shares at 156.71 (Weight: 30.0%, Commission: $5.47)
2025-11-27 16:32:49,416 - EXIT LONG: 34.91 shares at 156.14 | P/L: -30.82 (Commission: $10.92)
2025-11-27 16:32:49,416 - ENTER LONG: 35.67 shares at 153.11 (Weight: 30.0%, Commission: $5.46)
2025-11-27 16:32:49,416 - EXIT LONG: 35.67 shares at 156.10 | P/L: 95.62 (Commission: $11.03)
2025-11-27 16:32:49,416 - ENTER LONG: 33.40 shares at 164.36 (Weight: 30.0%, Commission: $5.49)
2025-11-27 16:32:49,416 - EXIT LONG: 33.40 shares at 171.43 | P/L: 224.92 (Commission: $11.22)
2025-11-27 16:32:49,416 - ENTER LONG: 32.64 shares at 170.26 (Weight: 30.0%, Commission: $5.56)
2025-11-27 16:32:49,416 - ENTER LONG: 23.11 shares at 168.33 (Weight: 30.0%, Commission: $3.89)
2025-11-27 16:32:49,416 - EXIT LONG: 23.11 shares at 176.75 | P/L: 186.52 (Commission: $7.97)
2025-11-27 16:32:49,416 - EXIT LONG: 32.64 shares at 176.97 | P/L: 207.67 (Commission: $11.33)
2025-11-27 16:32:49,416 - ENTER LONG: 31.65 shares at 179.33 (Weight: 30.0%, Commission: $5.68)
2025-11-27 16:32:49,417 - EXIT LONG: 31.65 shares at 182.55 | P/L: 90.45 (Commission: $11.45)
2025-11-27 16:32:49,417 - ENTER LONG: 31.76 shares at 179.56 (Weight: 30.0%, Commission: $5.70)
2025-11-27 16:32:49,417 - ENTER LONG: 22.48 shares at 177.57 (Weight: 30.0%, Commission: $3.99)
2025-11-27 16:32:49,417 - EXIT LONG: 31.76 shares at 178.86 | P/L: -33.61 (Commission: $11.38)
2025-11-27 16:32:49,417 - EXIT LONG: 22.48 shares at 178.86 | P/L: 20.99 (Commission: $8.01)
2025-11-27 16:32:49,417 - ENTER LONG: 32.93 shares at 173.07 (Weight: 30.0%, Commission: $5.70)
2025-11-27 16:32:49,417 - EXIT LONG: 32.93 shares at 179.53 | P/L: 201.09 (Commission: $11.61)
2025-11-27 16:32:49,417 - ENTER LONG: 32.82 shares at 175.44 (Weight: 30.0%, Commission: $5.76)
2025-11-27 16:32:49,417 - EXIT LONG: 32.82 shares at 177.21 | P/L: 46.52 (Commission: $11.58)
2025-11-27 16:32:49,417 - ENTER LONG: 32.41 shares at 178.12 (Weight: 30.0%, Commission: $5.77)
2025-11-27 16:32:49,417 - EXIT LONG: 32.41 shares at 181.59 | P/L: 100.80 (Commission: $11.66)
2025-11-27 16:32:49,417 - ENTER LONG: 33.07 shares at 175.49 (Weight: 30.0%, Commission: $5.80)
2025-11-27 16:32:49,417 - EXIT LONG: 33.07 shares at 180.48 | P/L: 153.23 (Commission: $11.77)
2025-11-27 16:32:49,417 - ENTER LONG: 30.06 shares at 194.55 (Weight: 30.0%, Commission: $5.85)
2025-11-27 16:32:49,417 - EXIT LONG: 30.06 shares at 200.47 | P/L: 166.10 (Commission: $11.88)
2025-11-27 16:32:49,417 - ENTER LONG: 30.93 shares at 190.74 (Weight: 30.0%, Commission: $5.90)
2025-11-27 16:32:49,417 - ENTER LONG: 21.97 shares at 187.90 (Weight: 30.0%, Commission: $4.13)
2025-11-27 16:32:49,417 - EXIT LONG: 30.93 shares at 186.93 | P/L: -129.65 (Commission: $11.68)
2025-11-27 16:32:49,417 - EXIT LONG: 21.97 shares at 184.14 | P/L: -90.76 (Commission: $8.18)
2025-11-27 16:32:49,417 - ENTER LONG: 33.32 shares at 175.05 (Weight: 30.0%, Commission: $5.83)
2025-11-27 16:32:49,417 - EXIT LONG: 33.32 shares at 177.93 | P/L: 84.20 (Commission: $11.76)
2025-11-27 16:32:49,417 - ENTER LONG: 30.68 shares at 190.96 (Weight: 30.0%, Commission: $5.86)
2025-11-27 16:32:49,417 - EXIT LONG: 30.68 shares at 187.14 | P/L: -128.75 (Commission: $11.60)
2025-11-27 16:32:49,417 - ENTER LONG: 31.60 shares at 184.17 (Weight: 30.0%, Commission: $5.82)
2025-11-27 16:32:49,417 - EXIT LONG: 31.60 shares at 180.49 | P/L: -127.91 (Commission: $11.52)
2025-11-27 16:32:49,418 - ENTER LONG: 33.58 shares at 172.14 (Weight: 30.0%, Commission: $5.78)
2025-11-27 16:32:49,418 - EXIT LONG: 33.58 shares at 174.01 | P/L: 51.17 (Commission: $11.62)
2025-11-27 16:32:49,418 - ENTER LONG: 33.85 shares at 171.25 (Weight: 30.0%, Commission: $5.80)
2025-11-27 16:32:49,418 - EXIT LONG: 33.85 shares at 167.82 | P/L: -127.40 (Commission: $11.48)
2025-11-27 16:32:49,418 - ENTER LONG: 34.41 shares at 167.33 (Weight: 30.0%, Commission: $5.76)
2025-11-27 16:32:49,418 - EXIT LONG: 34.41 shares at 163.98 | P/L: -126.56 (Commission: $11.40)
2025-11-27 16:32:59,472 - Dashboard saved to outputs/dashboard.html
2025-11-27 16:36:39,037 - ENTER LONG: 7.90 shares at 379.38 (Weight: 30.0%, Commission: $3.00)
2025-11-27 16:36:39,038 - EXIT LONG: 7.90 shares at 388.08 | P/L: 62.66 (Commission: $6.06)
2025-11-27 16:36:39,038 - ENTER LONG: 7.70 shares at 391.49 (Weight: 30.0%, Commission: $3.02)
2025-11-27 16:36:39,038 - ENTER LONG: 5.43 shares at 388.64 (Weight: 30.0%, Commission: $2.11)
2025-11-27 16:36:39,038 - EXIT LONG: 7.70 shares at 395.88 | P/L: 27.75 (Commission: $6.07)
2025-11-27 16:36:39,038 - EXIT LONG: 5.43 shares at 395.88 | P/L: 35.07 (Commission: $4.26)
2025-11-27 16:36:39,038 - ENTER LONG: 7.58 shares at 400.59 (Weight: 30.0%, Commission: $3.03)
2025-11-27 16:36:39,038 - EXIT LONG: 7.58 shares at 406.48 | P/L: 38.50 (Commission: $6.11)
2025-11-27 16:36:39,038 - ENTER LONG: 7.39 shares at 412.35 (Weight: 30.0%, Commission: $3.05)
2025-11-27 16:36:39,038 - ENTER LONG: 5.20 shares at 409.83 (Weight: 30.0%, Commission: $2.13)
2025-11-27 16:36:39,038 - EXIT LONG: 7.39 shares at 415.19 | P/L: 14.87 (Commission: $6.11)
2025-11-27 16:36:39,038 - EXIT LONG: 5.20 shares at 415.19 | P/L: 23.60 (Commission: $4.29)
2025-11-27 16:36:39,038 - ENTER LONG: 7.45 shares at 410.65 (Weight: 30.0%, Commission: $3.06)
2025-11-27 16:36:39,038 - ENTER LONG: 5.26 shares at 407.09 (Weight: 30.0%, Commission: $2.14)
2025-11-27 16:36:39,038 - EXIT LONG: 7.45 shares at 412.83 | P/L: 10.10 (Commission: $6.13)
2025-11-27 16:36:39,038 - EXIT LONG: 5.26 shares at 412.83 | P/L: 25.87 (Commission: $4.31)
2025-11-27 16:36:39,038 - ENTER LONG: 7.52 shares at 408.28 (Weight: 30.0%, Commission: $3.07)
2025-11-27 16:36:39,038 - EXIT LONG: 7.52 shares at 400.11 | P/L: -67.44 (Commission: $6.08)
2025-11-27 16:36:39,038 - ENTER LONG: 7.64 shares at 399.09 (Weight: 30.0%, Commission: $3.05)
2025-11-27 16:36:39,038 - EXIT LONG: 7.64 shares at 400.66 | P/L: 5.88 (Commission: $6.11)
2025-11-27 16:36:39,038 - ENTER LONG: 7.69 shares at 396.38 (Weight: 30.0%, Commission: $3.05)
2025-11-27 16:36:39,038 - EXIT LONG: 7.69 shares at 397.81 | P/L: 4.89 (Commission: $6.11)
2025-11-27 16:36:39,039 - ENTER LONG: 7.66 shares at 398.27 (Weight: 30.0%, Commission: $3.05)
2025-11-27 16:36:39,039 - ENTER LONG: 5.46 shares at 391.56 (Weight: 30.0%, Commission: $2.14)
2025-11-27 16:36:39,039 - EXIT LONG: 7.66 shares at 390.30 | P/L: -67.07 (Commission: $6.04)
2025-11-27 16:36:39,039 - ENTER LONG: 6.19 shares at 385.91 (Weight: 30.0%, Commission: $2.39)
2025-11-27 16:36:39,039 - EXIT LONG: 5.46 shares at 391.73 | P/L: -3.35 (Commission: $4.27)
2025-11-27 16:36:39,039 - EXIT LONG: 6.19 shares at 391.73 | P/L: 31.24 (Commission: $4.82)
2025-11-27 16:36:39,039 - ENTER LONG: 7.81 shares at 389.28 (Weight: 30.0%, Commission: $3.04)
2025-11-27 16:36:39,039 - EXIT LONG: 7.81 shares at 396.11 | P/L: 47.20 (Commission: $6.13)
2025-11-27 16:36:39,039 - ENTER LONG: 7.83 shares at 389.99 (Weight: 30.0%, Commission: $3.05)
2025-11-27 16:36:39,039 - EXIT LONG: 7.83 shares at 393.74 | P/L: 23.23 (Commission: $6.14)
2025-11-27 16:36:39,039 - ENTER LONG: 7.81 shares at 392.11 (Weight: 30.0%, Commission: $3.06)
2025-11-27 16:36:39,039 - EXIT LONG: 7.81 shares at 395.75 | P/L: 22.26 (Commission: $6.15)
2025-11-27 16:36:39,039 - ENTER LONG: 7.51 shares at 408.67 (Weight: 30.0%, Commission: $3.07)
2025-11-27 16:36:39,039 - EXIT LONG: 7.51 shares at 413.47 | P/L: 29.86 (Commission: $6.17)
2025-11-27 16:36:39,039 - ENTER LONG: 7.47 shares at 411.88 (Weight: 30.0%, Commission: $3.08)
2025-11-27 16:36:39,039 - ENTER LONG: 5.30 shares at 406.08 (Weight: 30.0%, Commission: $2.15)
2025-11-27 16:36:39,039 - EXIT LONG: 7.47 shares at 412.41 | P/L: -2.20 (Commission: $6.16)
2025-11-27 16:36:39,039 - EXIT LONG: 5.30 shares at 412.41 | P/L: 29.23 (Commission: $4.34)
2025-11-27 16:36:39,039 - ENTER LONG: 7.51 shares at 410.84 (Weight: 30.0%, Commission: $3.08)
2025-11-27 16:36:39,039 - ENTER LONG: 5.29 shares at 408.02 (Weight: 30.0%, Commission: $2.16)
2025-11-27 16:36:39,039 - ENTER LONG: 3.73 shares at 405.13 (Weight: 30.0%, Commission: $1.51)
2025-11-27 16:36:39,039 - EXIT LONG: 7.51 shares at 412.63 | P/L: 7.26 (Commission: $6.18)
2025-11-27 16:36:39,039 - EXIT LONG: 5.29 shares at 412.63 | P/L: 20.05 (Commission: $4.34)
2025-11-27 16:36:39,040 - EXIT LONG: 3.73 shares at 412.63 | P/L: 24.93 (Commission: $3.05)
2025-11-27 16:36:39,040 - ENTER LONG: 7.56 shares at 410.25 (Weight: 30.0%, Commission: $3.10)
2025-11-27 16:36:39,040 - EXIT LONG: 7.56 shares at 415.23 | P/L: 31.40 (Commission: $6.24)
2025-11-27 16:36:39,040 - ENTER LONG: 7.51 shares at 414.09 (Weight: 30.0%, Commission: $3.11)
2025-11-27 16:36:39,040 - ENTER LONG: 5.30 shares at 411.09 (Weight: 30.0%, Commission: $2.18)
2025-11-27 16:36:39,040 - EXIT LONG: 7.51 shares at 414.65 | P/L: -2.02 (Commission: $6.22)
2025-11-27 16:36:39,040 - EXIT LONG: 5.30 shares at 414.65 | P/L: 14.48 (Commission: $4.37)
2025-11-27 16:36:39,040 - ENTER LONG: 7.45 shares at 417.85 (Weight: 30.0%, Commission: $3.11)
2025-11-27 16:36:39,040 - EXIT LONG: 7.45 shares at 421.82 | P/L: 23.32 (Commission: $6.26)
2025-11-27 16:36:39,040 - ENTER LONG: 7.10 shares at 439.46 (Weight: 30.0%, Commission: $3.12)
2025-11-27 16:36:39,040 - ENTER LONG: 5.00 shares at 437.18 (Weight: 30.0%, Commission: $2.18)
2025-11-27 16:36:39,040 - ENTER LONG: 3.52 shares at 434.94 (Weight: 30.0%, Commission: $1.53)
2025-11-27 16:36:39,040 - ENTER LONG: 2.47 shares at 433.21 (Weight: 30.0%, Commission: $1.07)
2025-11-27 16:36:39,040 - EXIT LONG: 7.10 shares at 436.17 | P/L: -29.58 (Commission: $6.22)
2025-11-27 16:36:39,040 - EXIT LONG: 5.00 shares at 436.17 | P/L: -9.41 (Commission: $4.36)
2025-11-27 16:36:39,040 - EXIT LONG: 3.52 shares at 436.17 | P/L: 1.26 (Commission: $3.06)
2025-11-27 16:36:39,040 - EXIT LONG: 2.47 shares at 436.17 | P/L: 5.17 (Commission: $2.15)
2025-11-27 16:36:39,040 - ENTER LONG: 7.07 shares at 439.66 (Weight: 30.0%, Commission: $3.11)
2025-11-27 16:36:39,040 - EXIT LONG: 7.07 shares at 442.46 | P/L: 13.57 (Commission: $6.24)
2025-11-27 16:36:39,041 - ENTER LONG: 6.89 shares at 452.18 (Weight: 30.0%, Commission: $3.11)
2025-11-27 16:36:39,041 - ENTER LONG: 4.82 shares at 452.49 (Weight: 30.0%, Commission: $2.18)
2025-11-27 16:36:39,041 - EXIT LONG: 6.89 shares at 456.92 | P/L: 26.39 (Commission: $6.26)
2025-11-27 16:36:39,041 - EXIT LONG: 4.82 shares at 456.92 | P/L: 16.96 (Commission: $4.38)
2025-11-27 16:36:39,041 - ENTER LONG: 6.95 shares at 450.13 (Weight: 30.0%, Commission: $3.13)
2025-11-27 16:36:39,041 - EXIT LONG: 6.95 shares at 450.71 | P/L: -2.23 (Commission: $6.26)
2025-11-27 16:36:39,041 - ENTER LONG: 7.02 shares at 445.75 (Weight: 30.0%, Commission: $3.13)
2025-11-27 16:36:39,041 - EXIT LONG: 7.02 shares at 448.11 | P/L: 10.29 (Commission: $6.27)
2025-11-27 16:36:39,041 - ENTER LONG: 7.07 shares at 442.89 (Weight: 30.0%, Commission: $3.13)
2025-11-27 16:36:39,041 - ENTER LONG: 4.98 shares at 439.64 (Weight: 30.0%, Commission: $2.19)
2025-11-27 16:36:39,041 - ENTER LONG: 3.52 shares at 436.29 (Weight: 30.0%, Commission: $1.53)
2025-11-27 16:36:39,041 - EXIT LONG: 7.07 shares at 439.34 | P/L: -31.32 (Commission: $6.24)
2025-11-27 16:36:39,041 - EXIT LONG: 4.98 shares at 439.34 | P/L: -5.88 (Commission: $4.38)
2025-11-27 16:36:39,041 - EXIT LONG: 3.52 shares at 439.34 | P/L: 7.64 (Commission: $3.08)
2025-11-27 16:36:39,041 - ENTER LONG: 7.14 shares at 436.89 (Weight: 30.0%, Commission: $3.12)
2025-11-27 16:36:39,041 - EXIT LONG: 7.14 shares at 439.97 | P/L: 15.74 (Commission: $6.26)
2025-11-27 16:36:39,041 - ENTER LONG: 7.01 shares at 446.22 (Weight: 30.0%, Commission: $3.13)
2025-11-27 16:36:39,041 - EXIT LONG: 7.01 shares at 448.45 | P/L: 9.35 (Commission: $6.27)
2025-11-27 16:36:39,041 - ENTER LONG: 7.02 shares at 445.99 (Weight: 30.0%, Commission: $3.13)
2025-11-27 16:36:39,042 - EXIT LONG: 7.02 shares at 450.36 | P/L: 24.37 (Commission: $6.29)
2025-11-27 16:36:39,042 - ENTER LONG: 7.07 shares at 443.37 (Weight: 30.0%, Commission: $3.14)
2025-11-27 16:36:39,042 - ENTER LONG: 5.00 shares at 438.64 (Weight: 30.0%, Commission: $2.20)
2025-11-27 16:36:39,042 - EXIT LONG: 7.07 shares at 434.50 | P/L: -68.93 (Commission: $6.21)
2025-11-27 16:36:39,042 - ENTER LONG: 5.70 shares at 431.39 (Weight: 30.0%, Commission: $2.46)
2025-11-27 16:36:39,042 - EXIT LONG: 5.00 shares at 429.87 | P/L: -48.25 (Commission: $4.35)
2025-11-27 16:36:39,042 - ENTER LONG: 5.55 shares at 425.88 (Weight: 30.0%, Commission: $2.36)
2025-11-27 16:36:39,042 - EXIT LONG: 5.70 shares at 428.52 | P/L: -21.24 (Commission: $4.90)
2025-11-27 16:36:39,042 - EXIT LONG: 5.55 shares at 428.52 | P/L: 9.91 (Commission: $4.74)
2025-11-27 16:36:39,042 - ENTER LONG: 7.35 shares at 421.59 (Weight: 30.0%, Commission: $3.10)
2025-11-27 16:36:39,042 - EXIT LONG: 7.35 shares at 424.66 | P/L: 16.34 (Commission: $6.22)
2025-11-27 16:36:39,042 - ENTER LONG: 7.15 shares at 433.66 (Weight: 30.0%, Commission: $3.10)
2025-11-27 16:36:39,042 - EXIT LONG: 7.15 shares at 436.04 | P/L: 10.80 (Commission: $6.22)
2025-11-27 16:36:39,042 - ENTER LONG: 7.22 shares at 430.21 (Weight: 30.0%, Commission: $3.11)
2025-11-27 16:36:39,042 - ENTER LONG: 5.10 shares at 426.43 (Weight: 30.0%, Commission: $2.17)
2025-11-27 16:36:39,042 - EXIT LONG: 7.22 shares at 421.61 | P/L: -68.26 (Commission: $6.15)
2025-11-27 16:36:39,042 - ENTER LONG: 5.78 shares at 421.19 (Weight: 30.0%, Commission: $2.43)
2025-11-27 16:36:39,042 - EXIT LONG: 5.10 shares at 423.63 | P/L: -18.61 (Commission: $4.33)
2025-11-27 16:36:39,042 - EXIT LONG: 5.78 shares at 423.63 | P/L: 9.21 (Commission: $4.88)
2025-11-27 16:36:39,042 - ENTER LONG: 7.38 shares at 417.55 (Weight: 30.0%, Commission: $3.08)
2025-11-27 16:36:39,042 - ENTER LONG: 5.23 shares at 412.55 (Weight: 30.0%, Commission: $2.16)
2025-11-27 16:36:39,042 - EXIT LONG: 7.38 shares at 415.59 | P/L: -20.62 (Commission: $6.15)
2025-11-27 16:36:39,042 - EXIT LONG: 5.23 shares at 415.59 | P/L: 11.57 (Commission: $4.33)
2025-11-27 16:36:39,043 - ENTER LONG: 7.10 shares at 433.84 (Weight: 30.0%, Commission: $3.08)
2025-11-27 16:36:39,043 - EXIT LONG: 7.10 shares at 440.61 | P/L: 41.85 (Commission: $6.21)
2025-11-27 16:36:39,043 - ENTER LONG: 6.77 shares at 456.69 (Weight: 30.0%, Commission: $3.09)
2025-11-27 16:36:39,043 - EXIT LONG: 6.77 shares at 458.23 | P/L: 4.23 (Commission: $6.19)
2025-11-27 16:36:39,043 - ENTER LONG: 6.59 shares at 469.33 (Weight: 30.0%, Commission: $3.09)
2025-11-27 16:36:39,043 - EXIT LONG: 6.59 shares at 471.97 | P/L: 11.20 (Commission: $6.20)
2025-11-27 16:36:39,043 - ENTER LONG: 6.61 shares at 468.26 (Weight: 30.0%, Commission: $3.10)
2025-11-27 16:36:39,043 - EXIT LONG: 6.61 shares at 472.70 | P/L: 23.14 (Commission: $6.22)
2025-11-27 16:36:39,043 - ENTER LONG: 6.57 shares at 472.65 (Weight: 30.0%, Commission: $3.10)
2025-11-27 16:36:39,043 - ENTER LONG: 4.63 shares at 468.79 (Weight: 30.0%, Commission: $2.17)
2025-11-27 16:36:39,043 - EXIT LONG: 6.57 shares at 474.60 | P/L: 6.58 (Commission: $6.22)
2025-11-27 16:36:39,043 - EXIT LONG: 4.63 shares at 474.60 | P/L: 22.55 (Commission: $4.37)
2025-11-27 16:36:39,043 - ENTER LONG: 6.59 shares at 472.29 (Weight: 30.0%, Commission: $3.11)
2025-11-27 16:36:39,043 - EXIT LONG: 6.59 shares at 476.49 | P/L: 21.43 (Commission: $6.25)
2025-11-27 16:36:39,044 - ENTER LONG: 6.46 shares at 482.88 (Weight: 30.0%, Commission: $3.12)
2025-11-27 16:36:39,044 - EXIT LONG: 6.46 shares at 489.20 | P/L: 34.54 (Commission: $6.28)
2025-11-27 16:36:39,044 - ENTER LONG: 6.33 shares at 494.08 (Weight: 30.0%, Commission: $3.13)
2025-11-27 16:36:39,044 - EXIT LONG: 6.33 shares at 498.57 | P/L: 22.15 (Commission: $6.29)
2025-11-27 16:36:39,044 - ENTER LONG: 6.31 shares at 496.76 (Weight: 30.0%, Commission: $3.14)
2025-11-27 16:36:39,044 - EXIT LONG: 6.31 shares at 507.50 | P/L: 61.46 (Commission: $6.34)
2025-11-27 16:36:39,044 - ENTER LONG: 6.22 shares at 507.18 (Weight: 30.0%, Commission: $3.15)
2025-11-27 16:36:39,044 - EXIT LONG: 6.22 shares at 509.75 | P/L: 9.66 (Commission: $6.32)
2025-11-27 16:36:39,044 - ENTER LONG: 6.17 shares at 511.72 (Weight: 30.0%, Commission: $3.16)
2025-11-27 16:36:39,044 - EXIT LONG: 6.17 shares at 516.78 | P/L: 24.87 (Commission: $6.35)
2025-11-27 16:36:39,044 - ENTER LONG: 6.21 shares at 509.83 (Weight: 30.0%, Commission: $3.16)
2025-11-27 16:36:39,044 - EXIT LONG: 6.21 shares at 512.86 | P/L: 12.46 (Commission: $6.35)
2025-11-27 16:36:39,045 - ENTER LONG: 6.11 shares at 518.84 (Weight: 30.0%, Commission: $3.17)
2025-11-27 16:36:39,045 - ENTER LONG: 4.32 shares at 513.07 (Weight: 30.0%, Commission: $2.22)
2025-11-27 16:36:39,045 - EXIT LONG: 6.11 shares at 518.43 | P/L: -8.84 (Commission: $6.33)
2025-11-27 16:36:39,045 - EXIT LONG: 4.32 shares at 518.43 | P/L: 18.71 (Commission: $4.46)
2025-11-27 16:36:39,045 - ENTER LONG: 6.17 shares at 514.12 (Weight: 30.0%, Commission: $3.17)
2025-11-27 16:36:39,045 - EXIT LONG: 6.17 shares at 518.00 | P/L: 17.57 (Commission: $6.37)
2025-11-27 16:36:39,045 - ENTER LONG: 6.22 shares at 510.85 (Weight: 30.0%, Commission: $3.18)
2025-11-27 16:36:39,045 - ENTER LONG: 4.41 shares at 504.45 (Weight: 30.0%, Commission: $2.22)
2025-11-27 16:36:39,045 - EXIT LONG: 6.22 shares at 500.63 | P/L: -69.82 (Commission: $6.29)
2025-11-27 16:36:39,045 - ENTER LONG: 4.97 shares at 500.55 (Weight: 30.0%, Commission: $2.49)
2025-11-27 16:36:39,045 - ENTER LONG: 3.52 shares at 495.16 (Weight: 30.0%, Commission: $1.74)
2025-11-27 16:36:39,045 - EXIT LONG: 4.41 shares at 499.72 | P/L: -25.28 (Commission: $4.43)
2025-11-27 16:36:39,045 - EXIT LONG: 4.97 shares at 499.72 | P/L: -9.10 (Commission: $4.97)
2025-11-27 16:36:39,045 - EXIT LONG: 3.52 shares at 499.72 | P/L: 12.54 (Commission: $3.50)
2025-11-27 16:36:39,045 - ENTER LONG: 6.27 shares at 501.98 (Weight: 30.0%, Commission: $3.15)
2025-11-27 16:36:39,045 - EXIT LONG: 6.27 shares at 505.03 | P/L: 12.82 (Commission: $6.32)
2025-11-27 16:36:39,045 - ENTER LONG: 5.99 shares at 525.96 (Weight: 30.0%, Commission: $3.15)
2025-11-27 16:36:39,045 - EXIT LONG: 5.99 shares at 529.44 | P/L: 14.53 (Commission: $6.33)
2025-11-27 16:36:39,045 - ENTER LONG: 6.00 shares at 526.10 (Weight: 30.0%, Commission: $3.16)
2025-11-27 16:36:39,045 - ENTER LONG: 4.23 shares at 522.61 (Weight: 30.0%, Commission: $2.21)
2025-11-27 16:36:39,046 - EXIT LONG: 6.00 shares at 527.37 | P/L: 1.30 (Commission: $6.32)
2025-11-27 16:36:39,046 - EXIT LONG: 4.23 shares at 527.37 | P/L: 15.69 (Commission: $4.44)
2025-11-27 16:36:39,046 - ENTER LONG: 5.68 shares at 556.48 (Weight: 30.0%, Commission: $3.16)
2025-11-27 16:36:39,046 - EXIT LONG: 5.68 shares at 559.99 | P/L: 13.60 (Commission: $6.34)
2025-11-27 16:36:39,046 - ENTER LONG: 5.69 shares at 556.94 (Weight: 30.0%, Commission: $3.17)
2025-11-27 16:36:39,046 - ENTER LONG: 4.01 shares at 552.66 (Weight: 30.0%, Commission: $2.22)
2025-11-27 16:36:39,046 - ENTER LONG: 2.83 shares at 548.99 (Weight: 30.0%, Commission: $1.55)
2025-11-27 16:36:39,046 - EXIT LONG: 5.69 shares at 554.65 | P/L: -19.34 (Commission: $6.32)
2025-11-27 16:36:39,046 - EXIT LONG: 4.01 shares at 554.65 | P/L: 3.54 (Commission: $4.44)
2025-11-27 16:36:39,046 - EXIT LONG: 2.83 shares at 554.65 | P/L: 12.88 (Commission: $3.12)
2025-11-27 16:36:39,046 - ENTER LONG: 5.85 shares at 541.23 (Weight: 30.0%, Commission: $3.17)
2025-11-27 16:36:39,046 - ENTER LONG: 4.12 shares at 538.41 (Weight: 30.0%, Commission: $2.22)
2025-11-27 16:36:39,046 - EXIT LONG: 5.85 shares at 544.44 | P/L: 12.43 (Commission: $6.35)
2025-11-27 16:36:39,046 - EXIT LONG: 4.12 shares at 544.44 | P/L: 20.36 (Commission: $4.46)
2025-11-27 16:36:39,046 - ENTER LONG: 5.86 shares at 542.00 (Weight: 30.0%, Commission: $3.18)
2025-11-27 16:36:39,046 - EXIT LONG: 5.86 shares at 550.81 | P/L: 45.21 (Commission: $6.40)
2025-11-27 16:36:39,046 - ENTER LONG: 5.87 shares at 543.01 (Weight: 30.0%, Commission: $3.19)
2025-11-27 16:36:39,046 - ENTER LONG: 4.19 shares at 532.90 (Weight: 30.0%, Commission: $2.23)
2025-11-27 16:36:39,047 - EXIT LONG: 5.87 shares at 532.15 | P/L: -70.09 (Commission: $6.31)
2025-11-27 16:36:39,047 - EXIT LONG: 4.19 shares at 522.24 | P/L: -49.07 (Commission: $4.42)
2025-11-27 16:36:39,047 - ENTER LONG: 6.08 shares at 518.66 (Weight: 30.0%, Commission: $3.15)
2025-11-27 16:36:39,047 - EXIT LONG: 6.08 shares at 530.65 | P/L: 66.52 (Commission: $6.38)
2025-11-27 16:36:39,047 - ENTER LONG: 5.71 shares at 556.22 (Weight: 30.0%, Commission: $3.17)
2025-11-27 16:36:39,047 - EXIT LONG: 5.71 shares at 562.13 | P/L: 27.34 (Commission: $6.38)
2025-11-27 16:36:39,047 - ENTER LONG: 5.70 shares at 558.30 (Weight: 30.0%, Commission: $3.18)
2025-11-27 16:36:39,047 - EXIT LONG: 5.70 shares at 563.68 | P/L: 24.26 (Commission: $6.39)
2025-11-27 16:36:39,047 - ENTER LONG: 5.78 shares at 552.08 (Weight: 30.0%, Commission: $3.19)
2025-11-27 16:36:39,047 - EXIT LONG: 5.78 shares at 541.04 | P/L: -70.09 (Commission: $6.31)
2025-11-27 16:36:39,047 - ENTER LONG: 5.86 shares at 540.36 (Weight: 30.0%, Commission: $3.17)
2025-11-27 16:36:39,047 - EXIT LONG: 5.86 shares at 546.41 | P/L: 29.10 (Commission: $6.37)
2025-11-27 16:36:39,047 - ENTER LONG: 5.59 shares at 568.62 (Weight: 30.0%, Commission: $3.18)
2025-11-27 16:36:39,047 - EXIT LONG: 5.59 shares at 572.98 | P/L: 17.98 (Commission: $6.38)
2025-11-27 16:36:39,047 - ENTER LONG: 5.60 shares at 567.80 (Weight: 30.0%, Commission: $3.18)
2025-11-27 16:36:39,047 - EXIT LONG: 5.60 shares at 573.17 | P/L: 23.70 (Commission: $6.39)
2025-11-27 16:36:39,048 - ENTER LONG: 5.50 shares at 579.78 (Weight: 30.0%, Commission: $3.19)
2025-11-27 16:36:39,048 - ENTER LONG: 3.86 shares at 577.99 (Weight: 30.0%, Commission: $2.23)
2025-11-27 16:36:39,048 - ENTER LONG: 2.75 shares at 568.64 (Weight: 30.0%, Commission: $1.56)
2025-11-27 16:36:39,048 - EXIT LONG: 5.50 shares at 576.70 | P/L: -23.30 (Commission: $6.36)
2025-11-27 16:36:39,048 - EXIT LONG: 3.86 shares at 576.70 | P/L: -9.44 (Commission: $4.46)
2025-11-27 16:36:39,048 - EXIT LONG: 2.75 shares at 576.70 | P/L: 19.00 (Commission: $3.15)
2025-11-27 16:36:39,048 - ENTER LONG: 5.37 shares at 593.35 (Weight: 30.0%, Commission: $3.18)
2025-11-27 16:36:39,048 - ENTER LONG: 3.81 shares at 585.75 (Weight: 30.0%, Commission: $2.23)
2025-11-27 16:36:39,048 - EXIT LONG: 5.37 shares at 593.67 | P/L: -4.65 (Commission: $6.37)
2025-11-27 16:36:39,048 - EXIT LONG: 3.81 shares at 593.67 | P/L: 25.65 (Commission: $4.49)
2025-11-27 16:36:39,048 - ENTER LONG: 5.28 shares at 604.68 (Weight: 30.0%, Commission: $3.19)
2025-11-27 16:36:39,048 - EXIT LONG: 5.28 shares at 607.46 | P/L: 8.27 (Commission: $6.40)
2025-11-27 16:36:39,048 - ENTER LONG: 5.28 shares at 604.33 (Weight: 30.0%, Commission: $3.19)
2025-11-27 16:36:39,049 - EXIT LONG: 5.28 shares at 592.24 | P/L: -70.19 (Commission: $6.32)
2025-11-27 16:36:39,049 - ENTER LONG: 5.41 shares at 586.28 (Weight: 30.0%, Commission: $3.17)
2025-11-27 16:36:39,049 - EXIT LONG: 5.41 shares at 591.15 | P/L: 19.98 (Commission: $6.37)
2025-11-27 16:36:39,049 - ENTER LONG: 5.34 shares at 595.01 (Weight: 30.0%, Commission: $3.18)
2025-11-27 16:36:39,049 - ENTER LONG: 3.78 shares at 588.22 (Weight: 30.0%, Commission: $2.22)
2025-11-27 16:36:39,049 - EXIT LONG: 5.34 shares at 591.95 | P/L: -22.69 (Commission: $6.34)
2025-11-27 16:36:39,049 - EXIT LONG: 3.78 shares at 591.95 | P/L: 9.64 (Commission: $4.46)
2025-11-27 16:36:39,049 - ENTER LONG: 5.39 shares at 588.63 (Weight: 30.0%, Commission: $3.17)
2025-11-27 16:36:39,049 - ENTER LONG: 3.83 shares at 580.49 (Weight: 30.0%, Commission: $2.22)
2025-11-27 16:36:39,049 - EXIT LONG: 5.39 shares at 592.78 | P/L: 16.01 (Commission: $6.37)
2025-11-27 16:36:39,049 - EXIT LONG: 3.83 shares at 592.78 | P/L: 42.56 (Commission: $4.49)
2025-11-27 16:36:39,049 - ENTER LONG: 5.33 shares at 599.37 (Weight: 30.0%, Commission: $3.19)
2025-11-27 16:36:39,049 - EXIT LONG: 5.33 shares at 604.52 | P/L: 21.02 (Commission: $6.41)
2025-11-27 16:36:39,049 - ENTER LONG: 5.31 shares at 601.82 (Weight: 30.0%, Commission: $3.20)
2025-11-27 16:36:39,049 - ENTER LONG: 3.75 shares at 597.77 (Weight: 30.0%, Commission: $2.24)
2025-11-27 16:36:39,049 - EXIT LONG: 5.31 shares at 601.78 | P/L: -6.61 (Commission: $6.40)
2025-11-27 16:36:39,049 - EXIT LONG: 3.75 shares at 601.78 | P/L: 10.53 (Commission: $4.49)
2025-11-27 16:36:39,049 - ENTER LONG: 5.33 shares at 600.77 (Weight: 30.0%, Commission: $3.20)
2025-11-27 16:36:39,049 - EXIT LONG: 5.33 shares at 604.85 | P/L: 15.31 (Commission: $6.42)
2025-11-27 16:36:39,049 - ENTER LONG: 5.34 shares at 599.94 (Weight: 30.0%, Commission: $3.20)
2025-11-27 16:36:39,050 - EXIT LONG: 5.34 shares at 587.94 | P/L: -70.43 (Commission: $6.34)
2025-11-27 16:36:39,050 - ENTER LONG: 5.44 shares at 585.05 (Weight: 30.0%, Commission: $3.18)
2025-11-27 16:36:39,050 - EXIT LONG: 5.44 shares at 594.18 | P/L: 43.26 (Commission: $6.42)
2025-11-27 16:36:39,050 - ENTER LONG: 5.47 shares at 583.77 (Weight: 30.0%, Commission: $3.20)
2025-11-27 16:36:39,050 - ENTER LONG: 3.88 shares at 576.86 (Weight: 30.0%, Commission: $2.24)
2025-11-27 16:36:39,050 - EXIT LONG: 5.47 shares at 583.06 | P/L: -10.28 (Commission: $6.39)
2025-11-27 16:36:39,050 - EXIT LONG: 3.88 shares at 583.06 | P/L: 19.55 (Commission: $4.50)
2025-11-27 16:36:39,050 - ENTER LONG: 5.59 shares at 572.71 (Weight: 30.0%, Commission: $3.20)
2025-11-27 16:36:39,050 - EXIT LONG: 5.59 shares at 575.92 | P/L: 11.51 (Commission: $6.42)
2025-11-27 16:36:39,050 - ENTER LONG: 5.71 shares at 560.58 (Weight: 30.0%, Commission: $3.20)
2025-11-27 16:36:39,050 - ENTER LONG: 4.03 shares at 555.92 (Weight: 30.0%, Commission: $2.24)
2025-11-27 16:36:39,050 - EXIT LONG: 5.71 shares at 558.87 | P/L: -16.16 (Commission: $6.39)
2025-11-27 16:36:39,050 - EXIT LONG: 4.03 shares at 558.87 | P/L: 7.40 (Commission: $4.50)
2025-11-27 16:36:39,050 - ENTER LONG: 5.80 shares at 551.42 (Weight: 30.0%, Commission: $3.20)
2025-11-27 16:36:39,050 - EXIT LONG: 5.80 shares at 562.81 | P/L: 59.63 (Commission: $6.47)
2025-11-27 16:36:39,050 - ENTER LONG: 5.74 shares at 561.02 (Weight: 30.0%, Commission: $3.22)
2025-11-27 16:36:39,050 - EXIT LONG: 5.74 shares at 567.13 | P/L: 28.57 (Commission: $6.47)
2025-11-27 16:36:39,050 - ENTER LONG: 5.67 shares at 568.59 (Weight: 30.0%, Commission: $3.23)
2025-11-27 16:36:39,050 - EXIT LONG: 5.67 shares at 557.22 | P/L: -70.91 (Commission: $6.39)
2025-11-27 16:36:39,050 - ENTER LONG: 5.77 shares at 555.66 (Weight: 30.0%, Commission: $3.20)
2025-11-27 16:36:39,050 - EXIT LONG: 5.77 shares at 559.39 | P/L: 15.08 (Commission: $6.43)
2025-11-27 16:36:39,050 - ENTER LONG: 5.98 shares at 536.70 (Weight: 30.0%, Commission: $3.21)
2025-11-27 16:36:39,050 - EXIT LONG: 5.98 shares at 525.97 | P/L: -70.54 (Commission: $6.35)
2025-11-27 16:36:39,050 - ENTER LONG: 6.31 shares at 505.28 (Weight: 30.0%, Commission: $3.19)
2025-11-27 16:36:39,050 - ENTER LONG: 4.50 shares at 496.48 (Weight: 30.0%, Commission: $2.23)
2025-11-27 16:36:39,050 - EXIT LONG: 6.31 shares at 530.54 | P/L: 152.88 (Commission: $6.54)
2025-11-27 16:36:39,050 - EXIT LONG: 4.50 shares at 521.30 | P/L: 107.01 (Commission: $4.58)
2025-11-27 16:36:39,050 - ENTER LONG: 6.23 shares at 524.58 (Weight: 30.0%, Commission: $3.27)
2025-11-27 16:36:39,050 - EXIT LONG: 6.23 shares at 533.94 | P/L: 51.69 (Commission: $6.59)
2025-11-27 16:36:39,050 - ENTER LONG: 6.24 shares at 525.66 (Weight: 30.0%, Commission: $3.28)
2025-11-27 16:36:39,051 - EXIT LONG: 6.24 shares at 515.15 | P/L: -72.13 (Commission: $6.50)
2025-11-27 16:36:39,051 - ENTER LONG: 6.34 shares at 513.88 (Weight: 30.0%, Commission: $3.26)
2025-11-27 16:36:39,051 - EXIT LONG: 6.34 shares at 527.25 | P/L: 78.21 (Commission: $6.60)
2025-11-27 16:36:39,051 - ENTER LONG: 5.83 shares at 563.51 (Weight: 30.0%, Commission: $3.28)
2025-11-27 16:36:39,051 - ENTER LONG: 4.11 shares at 558.80 (Weight: 30.0%, Commission: $2.30)
2025-11-27 16:36:39,051 - EXIT LONG: 5.83 shares at 565.06 | P/L: 2.46 (Commission: $6.58)
2025-11-27 16:36:39,051 - EXIT LONG: 4.11 shares at 565.06 | P/L: 21.13 (Commission: $4.62)
2025-11-27 16:36:39,051 - ENTER LONG: 5.65 shares at 582.86 (Weight: 30.0%, Commission: $3.29)
2025-11-27 16:36:39,051 - ENTER LONG: 3.98 shares at 579.11 (Weight: 30.0%, Commission: $2.30)
2025-11-27 16:36:39,051 - EXIT LONG: 5.65 shares at 591.15 | P/L: 40.17 (Commission: $6.63)
2025-11-27 16:36:39,051 - EXIT LONG: 3.98 shares at 591.15 | P/L: 43.23 (Commission: $4.65)
2025-11-27 16:36:39,051 - ENTER LONG: 5.64 shares at 587.73 (Weight: 30.0%, Commission: $3.32)
2025-11-27 16:36:39,051 - EXIT LONG: 5.64 shares at 592.71 | P/L: 21.43 (Commission: $6.66)
2025-11-27 16:36:39,051 - ENTER LONG: 5.56 shares at 597.00 (Weight: 30.0%, Commission: $3.32)
2025-11-27 16:36:39,051 - EXIT LONG: 5.56 shares at 602.68 | P/L: 24.93 (Commission: $6.68)
2025-11-27 16:36:39,051 - ENTER LONG: 5.57 shares at 597.53 (Weight: 30.0%, Commission: $3.33)
2025-11-27 16:36:39,051 - ENTER LONG: 3.92 shares at 594.28 (Weight: 30.0%, Commission: $2.33)
2025-11-27 16:36:39,051 - EXIT LONG: 5.57 shares at 600.15 | P/L: 7.93 (Commission: $6.67)
2025-11-27 16:36:39,052 - EXIT LONG: 3.92 shares at 600.15 | P/L: 18.34 (Commission: $4.68)
2025-11-27 16:36:39,052 - ENTER LONG: 5.38 shares at 620.68 (Weight: 30.0%, Commission: $3.34)
2025-11-27 16:36:39,052 - EXIT LONG: 5.38 shares at 624.06 | P/L: 11.48 (Commission: $6.69)
2025-11-27 16:36:39,052 - ENTER LONG: 5.37 shares at 621.72 (Weight: 30.0%, Commission: $3.34)
2025-11-27 16:36:39,052 - EXIT LONG: 5.37 shares at 631.17 | P/L: 44.05 (Commission: $6.73)
2025-11-27 16:36:39,052 - ENTER LONG: 5.34 shares at 627.97 (Weight: 30.0%, Commission: $3.35)
2025-11-27 16:36:39,052 - EXIT LONG: 5.34 shares at 632.78 | P/L: 18.96 (Commission: $6.73)
2025-11-27 16:36:39,052 - ENTER LONG: 5.25 shares at 639.81 (Weight: 30.0%, Commission: $3.36)
2025-11-27 16:36:39,052 - EXIT LONG: 5.25 shares at 645.31 | P/L: 22.13 (Commission: $6.75)
2025-11-27 16:36:39,052 - ENTER LONG: 5.22 shares at 645.05 (Weight: 30.0%, Commission: $3.37)
2025-11-27 16:36:39,052 - ENTER LONG: 3.68 shares at 640.27 (Weight: 30.0%, Commission: $2.36)
2025-11-27 16:36:39,052 - EXIT LONG: 5.22 shares at 643.74 | P/L: -13.56 (Commission: $6.73)
2025-11-27 16:36:39,052 - EXIT LONG: 3.68 shares at 643.74 | P/L: 8.05 (Commission: $4.73)
2025-11-27 16:36:39,053 - ENTER LONG: 5.07 shares at 663.21 (Weight: 30.0%, Commission: $3.36)
2025-11-27 16:36:39,053 - EXIT LONG: 5.07 shares at 661.82 | P/L: -13.77 (Commission: $6.72)
2025-11-27 16:36:39,053 - ENTER LONG: 5.15 shares at 653.02 (Weight: 30.0%, Commission: $3.36)
2025-11-27 16:36:39,053 - EXIT LONG: 5.15 shares at 663.04 | P/L: 44.79 (Commission: $6.77)
2025-11-27 16:36:39,053 - ENTER LONG: 5.11 shares at 660.64 (Weight: 30.0%, Commission: $3.37)
2025-11-27 16:36:39,053 - EXIT LONG: 5.11 shares at 664.39 | P/L: 12.38 (Commission: $6.77)
2025-11-27 16:36:39,053 - ENTER LONG: 5.06 shares at 667.80 (Weight: 30.0%, Commission: $3.38)
2025-11-27 16:36:39,053 - EXIT LONG: 5.06 shares at 671.76 | P/L: 13.25 (Commission: $6.78)
2025-11-27 16:36:39,053 - ENTER LONG: 4.97 shares at 679.83 (Weight: 30.0%, Commission: $3.38)
2025-11-27 16:36:39,053 - ENTER LONG: 3.51 shares at 675.24 (Weight: 30.0%, Commission: $2.37)
2025-11-27 16:36:39,053 - ENTER LONG: 2.47 shares at 670.31 (Weight: 30.0%, Commission: $1.66)
2025-11-27 16:36:39,053 - EXIT LONG: 4.97 shares at 681.44 | P/L: 1.24 (Commission: $6.77)
2025-11-27 16:36:39,053 - EXIT LONG: 3.51 shares at 681.44 | P/L: 16.98 (Commission: $4.76)
2025-11-27 16:36:39,053 - EXIT LONG: 2.47 shares at 681.44 | P/L: 24.17 (Commission: $3.34)
2025-11-27 16:36:39,054 - ENTER LONG: 5.05 shares at 672.04 (Weight: 30.0%, Commission: $3.39)
2025-11-27 16:36:39,054 - ENTER LONG: 3.57 shares at 665.67 (Weight: 30.0%, Commission: $2.38)
2025-11-27 16:36:39,054 - ENTER LONG: 2.52 shares at 660.08 (Weight: 30.0%, Commission: $1.66)
2025-11-27 16:36:39,054 - EXIT LONG: 5.05 shares at 658.60 | P/L: -74.61 (Commission: $6.72)
2025-11-27 16:36:39,054 - EXIT LONG: 3.57 shares at 659.03 | P/L: -28.43 (Commission: $4.73)
2025-11-27 16:36:39,054 - EXIT LONG: 2.52 shares at 659.03 | P/L: -5.97 (Commission: $3.32)
2025-11-27 16:36:42,323 - Dashboard saved to outputs/dashboard.html
2025-11-27 16:36:59,917 - ENTER LONG: 366.38 shares at 8.18 (Weight: 30.0%, Commission: $3.00)
2025-11-27 16:36:59,917 - EXIT LONG: 366.38 shares at 8.59 | P/L: 143.71 (Commission: $6.14)
2025-11-27 16:36:59,917 - ENTER LONG: 312.44 shares at 9.73 (Weight: 30.0%, Commission: $3.04)
2025-11-27 16:36:59,917 - EXIT LONG: 312.44 shares at 9.54 | P/L: -66.82 (Commission: $6.02)
2025-11-27 16:36:59,917 - ENTER LONG: 320.43 shares at 9.43 (Weight: 30.0%, Commission: $3.02)
2025-11-27 16:36:59,917 - EXIT LONG: 320.43 shares at 9.90 | P/L: 144.81 (Commission: $6.19)
2025-11-27 16:36:59,917 - ENTER LONG: 283.65 shares at 10.80 (Weight: 30.0%, Commission: $3.06)
2025-11-27 16:36:59,917 - ENTER LONG: 200.04 shares at 10.72 (Weight: 30.0%, Commission: $2.14)
2025-11-27 16:36:59,917 - EXIT LONG: 200.04 shares at 11.26 | P/L: 102.82 (Commission: $4.40)
2025-11-27 16:36:59,917 - EXIT LONG: 283.65 shares at 11.34 | P/L: 146.89 (Commission: $6.28)
2025-11-27 16:36:59,917 - ENTER LONG: 286.21 shares at 10.96 (Weight: 30.0%, Commission: $3.14)
2025-11-27 16:36:59,917 - EXIT LONG: 286.21 shares at 11.46 | P/L: 133.83 (Commission: $6.42)
2025-11-27 16:36:59,917 - ENTER LONG: 249.09 shares at 12.76 (Weight: 30.0%, Commission: $3.18)
2025-11-27 16:36:59,917 - EXIT LONG: 249.09 shares at 12.50 | P/L: -69.86 (Commission: $6.29)
2025-11-27 16:36:59,918 - ENTER LONG: 253.92 shares at 12.44 (Weight: 30.0%, Commission: $3.16)
2025-11-27 16:36:59,918 - EXIT LONG: 253.92 shares at 13.06 | P/L: 151.40 (Commission: $6.47)
2025-11-27 16:36:59,918 - ENTER LONG: 256.33 shares at 12.49 (Weight: 30.0%, Commission: $3.20)
2025-11-27 16:36:59,918 - EXIT LONG: 256.33 shares at 12.25 | P/L: -70.40 (Commission: $6.34)
2025-11-27 16:36:59,918 - ENTER LONG: 261.66 shares at 12.16 (Weight: 30.0%, Commission: $3.18)
2025-11-27 16:36:59,918 - EXIT LONG: 261.66 shares at 11.92 | P/L: -69.93 (Commission: $6.30)
2025-11-27 16:36:59,918 - ENTER LONG: 265.39 shares at 11.91 (Weight: 30.0%, Commission: $3.16)
2025-11-27 16:36:59,918 - EXIT LONG: 265.39 shares at 12.47 | P/L: 143.47 (Commission: $6.47)
2025-11-27 16:36:59,918 - ENTER LONG: 260.79 shares at 12.29 (Weight: 30.0%, Commission: $3.20)
2025-11-27 16:36:59,918 - EXIT LONG: 260.79 shares at 12.04 | P/L: -70.42 (Commission: $6.34)
2025-11-27 16:36:59,918 - ENTER LONG: 264.78 shares at 12.02 (Weight: 30.0%, Commission: $3.18)
2025-11-27 16:36:59,918 - EXIT LONG: 264.78 shares at 11.78 | P/L: -69.96 (Commission: $6.30)
2025-11-27 16:36:59,918 - ENTER LONG: 282.93 shares at 11.18 (Weight: 30.0%, Commission: $3.16)
2025-11-27 16:36:59,918 - EXIT LONG: 282.93 shares at 11.46 | P/L: 75.64 (Commission: $6.41)
2025-11-27 16:36:59,918 - ENTER LONG: 292.55 shares at 10.88 (Weight: 30.0%, Commission: $3.18)
2025-11-27 16:36:59,918 - EXIT LONG: 292.55 shares at 11.12 | P/L: 62.31 (Commission: $6.44)
2025-11-27 16:36:59,918 - ENTER LONG: 296.72 shares at 10.79 (Weight: 30.0%, Commission: $3.20)
2025-11-27 16:36:59,918 - EXIT LONG: 296.72 shares at 11.05 | P/L: 70.66 (Commission: $6.48)
2025-11-27 16:36:59,918 - ENTER LONG: 284.32 shares at 11.34 (Weight: 30.0%, Commission: $3.22)
2025-11-27 16:36:59,918 - EXIT LONG: 284.32 shares at 11.49 | P/L: 37.58 (Commission: $6.49)
2025-11-27 16:36:59,918 - ENTER LONG: 297.11 shares at 10.89 (Weight: 30.0%, Commission: $3.24)
2025-11-27 16:36:59,918 - EXIT LONG: 297.11 shares at 10.67 | P/L: -71.12 (Commission: $6.41)
2025-11-27 16:36:59,918 - ENTER LONG: 307.87 shares at 10.44 (Weight: 30.0%, Commission: $3.21)
2025-11-27 16:36:59,918 - EXIT LONG: 307.87 shares at 10.66 | P/L: 62.77 (Commission: $6.50)
2025-11-27 16:36:59,918 - ENTER LONG: 263.17 shares at 12.29 (Weight: 30.0%, Commission: $3.23)
2025-11-27 16:36:59,918 - EXIT LONG: 263.17 shares at 12.41 | P/L: 27.71 (Commission: $6.50)
2025-11-27 16:36:59,918 - ENTER LONG: 262.67 shares at 12.34 (Weight: 30.0%, Commission: $3.24)
2025-11-27 16:36:59,918 - EXIT LONG: 262.67 shares at 12.78 | P/L: 108.97 (Commission: $6.60)
2025-11-27 16:36:59,919 - ENTER LONG: 258.91 shares at 12.64 (Weight: 30.0%, Commission: $3.27)
2025-11-27 16:36:59,919 - ENTER LONG: 184.30 shares at 12.44 (Weight: 30.0%, Commission: $2.29)
2025-11-27 16:36:59,919 - EXIT LONG: 184.30 shares at 13.06 | P/L: 109.89 (Commission: $4.70)
2025-11-27 16:36:59,919 - EXIT LONG: 258.91 shares at 13.12 | P/L: 115.02 (Commission: $6.67)
2025-11-27 16:36:59,919 - ENTER LONG: 238.16 shares at 14.03 (Weight: 30.0%, Commission: $3.34)
2025-11-27 16:36:59,919 - ENTER LONG: 168.39 shares at 13.89 (Weight: 30.0%, Commission: $2.34)
2025-11-27 16:36:59,919 - EXIT LONG: 238.16 shares at 13.75 | P/L: -73.44 (Commission: $6.62)
2025-11-27 16:36:59,919 - EXIT LONG: 168.39 shares at 13.61 | P/L: -51.41 (Commission: $4.63)
2025-11-27 16:36:59,919 - ENTER LONG: 245.74 shares at 13.45 (Weight: 30.0%, Commission: $3.30)
2025-11-27 16:36:59,919 - EXIT LONG: 245.74 shares at 13.71 | P/L: 59.67 (Commission: $6.67)
2025-11-27 16:36:59,919 - ENTER LONG: 247.53 shares at 13.42 (Weight: 30.0%, Commission: $3.32)
2025-11-27 16:36:59,919 - EXIT LONG: 247.53 shares at 13.15 | P/L: -73.01 (Commission: $6.58)
2025-11-27 16:36:59,919 - ENTER LONG: 252.58 shares at 13.06 (Weight: 30.0%, Commission: $3.30)
2025-11-27 16:36:59,919 - EXIT LONG: 252.58 shares at 13.72 | P/L: 158.23 (Commission: $6.76)
2025-11-27 16:36:59,919 - ENTER LONG: 243.71 shares at 13.73 (Weight: 30.0%, Commission: $3.35)
2025-11-27 16:36:59,919 - EXIT LONG: 243.71 shares at 13.46 | P/L: -73.58 (Commission: $6.63)
2025-11-27 16:36:59,919 - ENTER LONG: 247.97 shares at 13.41 (Weight: 30.0%, Commission: $3.33)
2025-11-27 16:36:59,919 - EXIT LONG: 247.97 shares at 13.14 | P/L: -73.09 (Commission: $6.58)
2025-11-27 16:36:59,919 - ENTER LONG: 240.95 shares at 13.71 (Weight: 30.0%, Commission: $3.30)
2025-11-27 16:36:59,919 - ENTER LONG: 172.05 shares at 13.44 (Weight: 30.0%, Commission: $2.31)
2025-11-27 16:36:59,919 - EXIT LONG: 240.95 shares at 13.44 | P/L: -72.61 (Commission: $6.54)
2025-11-27 16:36:59,919 - ENTER LONG: 194.73 shares at 13.29 (Weight: 30.0%, Commission: $2.59)
2025-11-27 16:36:59,919 - EXIT LONG: 194.73 shares at 13.95 | P/L: 124.09 (Commission: $5.31)
2025-11-27 16:36:59,919 - EXIT LONG: 172.05 shares at 14.11 | P/L: 109.68 (Commission: $4.74)
2025-11-27 16:36:59,919 - ENTER LONG: 240.35 shares at 13.95 (Weight: 30.0%, Commission: $3.35)
2025-11-27 16:36:59,919 - EXIT LONG: 240.35 shares at 14.39 | P/L: 101.35 (Commission: $6.81)
2025-11-27 16:36:59,919 - ENTER LONG: 235.44 shares at 14.37 (Weight: 30.0%, Commission: $3.38)
2025-11-27 16:36:59,919 - EXIT LONG: 235.44 shares at 14.59 | P/L: 44.98 (Commission: $6.82)
2025-11-27 16:36:59,920 - ENTER LONG: 213.96 shares at 15.87 (Weight: 30.0%, Commission: $3.40)
2025-11-27 16:36:59,920 - EXIT LONG: 213.96 shares at 16.04 | P/L: 28.48 (Commission: $6.83)
2025-11-27 16:36:59,920 - ENTER LONG: 220.83 shares at 15.41 (Weight: 30.0%, Commission: $3.40)
2025-11-27 16:36:59,920 - ENTER LONG: 157.13 shares at 15.16 (Weight: 30.0%, Commission: $2.38)
2025-11-27 16:36:59,920 - EXIT LONG: 220.83 shares at 16.19 | P/L: 163.23 (Commission: $6.98)
2025-11-27 16:36:59,920 - EXIT LONG: 157.13 shares at 15.92 | P/L: 114.26 (Commission: $4.88)
2025-11-27 16:36:59,920 - ENTER LONG: 200.71 shares at 17.38 (Weight: 30.0%, Commission: $3.49)
2025-11-27 16:36:59,920 - EXIT LONG: 200.71 shares at 18.00 | P/L: 119.34 (Commission: $7.10)
2025-11-27 16:36:59,920 - ENTER LONG: 201.43 shares at 17.49 (Weight: 30.0%, Commission: $3.52)
2025-11-27 16:36:59,920 - EXIT LONG: 201.43 shares at 18.09 | P/L: 113.69 (Commission: $7.17)
2025-11-27 16:36:59,920 - ENTER LONG: 174.37 shares at 20.40 (Weight: 30.0%, Commission: $3.56)
2025-11-27 16:36:59,920 - EXIT LONG: 174.37 shares at 19.99 | P/L: -78.19 (Commission: $7.04)
2025-11-27 16:36:59,920 - ENTER LONG: 181.91 shares at 19.43 (Weight: 30.0%, Commission: $3.53)
2025-11-27 16:36:59,920 - EXIT LONG: 181.91 shares at 20.07 | P/L: 110.15 (Commission: $7.18)
2025-11-27 16:36:59,920 - ENTER LONG: 183.14 shares at 19.48 (Weight: 30.0%, Commission: $3.57)
2025-11-27 16:36:59,920 - EXIT LONG: 183.14 shares at 19.09 | P/L: -78.40 (Commission: $7.06)
2025-11-27 16:36:59,920 - ENTER LONG: 189.42 shares at 18.70 (Weight: 30.0%, Commission: $3.54)
2025-11-27 16:36:59,920 - EXIT LONG: 189.42 shares at 19.63 | P/L: 167.96 (Commission: $7.26)
2025-11-27 16:36:59,920 - ENTER LONG: 183.20 shares at 19.61 (Weight: 30.0%, Commission: $3.59)
2025-11-27 16:36:59,920 - EXIT LONG: 183.20 shares at 20.50 | P/L: 154.79 (Commission: $7.35)
2025-11-27 16:36:59,920 - ENTER LONG: 180.73 shares at 20.14 (Weight: 30.0%, Commission: $3.64)
2025-11-27 16:36:59,920 - ENTER LONG: 127.81 shares at 19.93 (Weight: 30.0%, Commission: $2.55)
2025-11-27 16:36:59,920 - EXIT LONG: 180.73 shares at 20.23 | P/L: 9.87 (Commission: $7.30)
2025-11-27 16:36:59,921 - EXIT LONG: 127.81 shares at 20.23 | P/L: 33.21 (Commission: $5.13)
2025-11-27 16:36:59,921 - ENTER LONG: 169.62 shares at 21.54 (Weight: 30.0%, Commission: $3.65)
2025-11-27 16:36:59,921 - ENTER LONG: 119.79 shares at 21.34 (Weight: 30.0%, Commission: $2.56)
2025-11-27 16:36:59,921 - EXIT LONG: 169.62 shares at 21.86 | P/L: 47.77 (Commission: $7.36)
2025-11-27 16:36:59,921 - EXIT LONG: 119.79 shares at 21.86 | P/L: 56.52 (Commission: $5.18)
2025-11-27 16:36:59,921 - ENTER LONG: 170.28 shares at 21.64 (Weight: 30.0%, Commission: $3.68)
2025-11-27 16:36:59,921 - ENTER LONG: 120.23 shares at 21.45 (Weight: 30.0%, Commission: $2.58)
2025-11-27 16:36:59,921 - EXIT LONG: 120.23 shares at 22.52 | P/L: 123.66 (Commission: $5.29)
2025-11-27 16:36:59,921 - EXIT LONG: 170.28 shares at 22.61 | P/L: 158.49 (Commission: $7.53)
2025-11-27 16:36:59,921 - ENTER LONG: 167.64 shares at 22.48 (Weight: 30.0%, Commission: $3.77)
2025-11-27 16:36:59,921 - EXIT LONG: 167.64 shares at 22.03 | P/L: -82.83 (Commission: $7.46)
2025-11-27 16:36:59,921 - ENTER LONG: 178.19 shares at 21.01 (Weight: 30.0%, Commission: $3.74)
2025-11-27 16:36:59,921 - ENTER LONG: 125.63 shares at 20.86 (Weight: 30.0%, Commission: $2.62)
2025-11-27 16:36:59,921 - EXIT LONG: 178.19 shares at 20.59 | P/L: -82.29 (Commission: $7.41)
2025-11-27 16:36:59,921 - EXIT LONG: 125.63 shares at 21.08 | P/L: 22.37 (Commission: $5.27)
2025-11-27 16:36:59,921 - ENTER LONG: 181.39 shares at 20.54 (Weight: 30.0%, Commission: $3.73)
2025-11-27 16:36:59,921 - EXIT LONG: 181.39 shares at 20.13 | P/L: -81.89 (Commission: $7.38)
2025-11-27 16:36:59,921 - ENTER LONG: 189.08 shares at 19.57 (Weight: 30.0%, Commission: $3.70)
2025-11-27 16:36:59,921 - EXIT LONG: 189.08 shares at 19.18 | P/L: -81.35 (Commission: $7.33)
2025-11-27 16:36:59,921 - ENTER LONG: 197.90 shares at 18.58 (Weight: 30.0%, Commission: $3.68)
2025-11-27 16:36:59,921 - EXIT LONG: 197.90 shares at 19.02 | P/L: 79.63 (Commission: $7.44)
2025-11-27 16:36:59,922 - ENTER LONG: 179.30 shares at 20.64 (Weight: 30.0%, Commission: $3.70)
2025-11-27 16:36:59,922 - EXIT LONG: 179.30 shares at 20.23 | P/L: -81.34 (Commission: $7.33)
2025-11-27 16:36:59,922 - ENTER LONG: 182.09 shares at 20.19 (Weight: 30.0%, Commission: $3.68)
2025-11-27 16:36:59,922 - EXIT LONG: 182.09 shares at 20.94 | P/L: 129.08 (Commission: $7.49)
2025-11-27 16:36:59,922 - ENTER LONG: 183.28 shares at 20.27 (Weight: 30.0%, Commission: $3.72)
2025-11-27 16:36:59,922 - EXIT LONG: 183.28 shares at 20.47 | P/L: 29.19 (Commission: $7.47)
2025-11-27 16:36:59,922 - ENTER LONG: 187.36 shares at 19.88 (Weight: 30.0%, Commission: $3.72)
2025-11-27 16:36:59,922 - ENTER LONG: 131.65 shares at 19.80 (Weight: 30.0%, Commission: $2.61)
2025-11-27 16:36:59,922 - EXIT LONG: 187.36 shares at 19.48 | P/L: -81.85 (Commission: $7.37)
2025-11-27 16:36:59,922 - EXIT LONG: 131.65 shares at 19.40 | P/L: -57.30 (Commission: $5.16)
2025-11-27 16:36:59,922 - ENTER LONG: 195.08 shares at 18.88 (Weight: 30.0%, Commission: $3.68)
2025-11-27 16:36:59,922 - EXIT LONG: 195.08 shares at 18.50 | P/L: -80.93 (Commission: $7.29)
2025-11-27 16:36:59,922 - ENTER LONG: 205.50 shares at 17.80 (Weight: 30.0%, Commission: $3.66)
2025-11-27 16:36:59,922 - EXIT LONG: 205.50 shares at 18.05 | P/L: 44.01 (Commission: $7.37)
2025-11-27 16:36:59,922 - ENTER LONG: 212.88 shares at 17.25 (Weight: 30.0%, Commission: $3.67)
2025-11-27 16:36:59,922 - EXIT LONG: 212.88 shares at 17.35 | P/L: 14.99 (Commission: $7.36)
2025-11-27 16:36:59,922 - ENTER LONG: 212.83 shares at 17.27 (Weight: 30.0%, Commission: $3.68)
2025-11-27 16:36:59,922 - EXIT LONG: 212.83 shares at 17.97 | P/L: 141.48 (Commission: $7.50)
2025-11-27 16:36:59,922 - ENTER LONG: 209.11 shares at 17.78 (Weight: 30.0%, Commission: $3.72)
2025-11-27 16:36:59,922 - EXIT LONG: 209.11 shares at 18.67 | P/L: 178.28 (Commission: $7.62)
2025-11-27 16:36:59,922 - ENTER LONG: 194.00 shares at 19.44 (Weight: 30.0%, Commission: $3.77)
2025-11-27 16:36:59,922 - EXIT LONG: 194.00 shares at 19.05 | P/L: -82.90 (Commission: $7.47)
2025-11-27 16:36:59,922 - ENTER LONG: 200.30 shares at 18.70 (Weight: 30.0%, Commission: $3.75)
2025-11-27 16:36:59,922 - EXIT LONG: 200.30 shares at 19.34 | P/L: 118.57 (Commission: $7.62)
2025-11-27 16:36:59,923 - ENTER LONG: 197.50 shares at 19.15 (Weight: 30.0%, Commission: $3.78)
2025-11-27 16:36:59,923 - EXIT LONG: 197.50 shares at 18.77 | P/L: -83.13 (Commission: $7.49)
2025-11-27 16:36:59,923 - ENTER LONG: 204.86 shares at 18.34 (Weight: 30.0%, Commission: $3.76)
2025-11-27 16:36:59,923 - EXIT LONG: 204.86 shares at 17.97 | P/L: -82.58 (Commission: $7.44)
2025-11-27 16:36:59,923 - ENTER LONG: 209.10 shares at 17.85 (Weight: 30.0%, Commission: $3.73)
2025-11-27 16:36:59,923 - EXIT LONG: 209.10 shares at 17.49 | P/L: -82.04 (Commission: $7.39)
2025-11-27 16:36:59,923 - ENTER LONG: 217.53 shares at 17.05 (Weight: 30.0%, Commission: $3.71)
2025-11-27 16:36:59,923 - EXIT LONG: 217.53 shares at 17.20 | P/L: 25.18 (Commission: $7.45)
2025-11-27 16:36:59,923 - ENTER LONG: 226.76 shares at 16.39 (Weight: 30.0%, Commission: $3.72)
2025-11-27 16:36:59,923 - EXIT LONG: 226.76 shares at 16.06 | P/L: -81.66 (Commission: $7.36)
2025-11-27 16:36:59,923 - ENTER LONG: 239.20 shares at 15.43 (Weight: 30.0%, Commission: $3.69)
2025-11-27 16:36:59,923 - EXIT LONG: 239.20 shares at 15.65 | P/L: 45.19 (Commission: $7.43)
2025-11-27 16:36:59,923 - ENTER LONG: 193.85 shares at 19.11 (Weight: 30.0%, Commission: $3.70)
2025-11-27 16:36:59,923 - EXIT LONG: 193.85 shares at 20.07 | P/L: 177.63 (Commission: $7.59)
2025-11-27 16:36:59,923 - ENTER LONG: 186.02 shares at 20.20 (Weight: 30.0%, Commission: $3.76)
2025-11-27 16:36:59,923 - EXIT LONG: 186.02 shares at 21.21 | P/L: 180.18 (Commission: $7.70)
2025-11-27 16:36:59,923 - ENTER LONG: 173.69 shares at 21.95 (Weight: 30.0%, Commission: $3.81)
2025-11-27 16:36:59,923 - EXIT LONG: 173.69 shares at 22.20 | P/L: 36.62 (Commission: $7.67)
2025-11-27 16:36:59,923 - ENTER LONG: 174.27 shares at 21.93 (Weight: 30.0%, Commission: $3.82)
2025-11-27 16:36:59,923 - EXIT LONG: 174.27 shares at 22.12 | P/L: 24.56 (Commission: $7.68)
2025-11-27 16:36:59,923 - ENTER LONG: 178.22 shares at 21.49 (Weight: 30.0%, Commission: $3.83)
2025-11-27 16:36:59,923 - EXIT LONG: 178.22 shares at 21.64 | P/L: 19.94 (Commission: $7.69)
2025-11-27 16:36:59,923 - ENTER LONG: 180.43 shares at 21.26 (Weight: 30.0%, Commission: $3.84)
2025-11-27 16:36:59,924 - EXIT LONG: 180.43 shares at 22.15 | P/L: 152.75 (Commission: $7.83)
2025-11-27 16:36:59,924 - ENTER LONG: 159.94 shares at 24.27 (Weight: 30.0%, Commission: $3.88)
2025-11-27 16:36:59,924 - EXIT LONG: 159.94 shares at 25.07 | P/L: 120.46 (Commission: $7.89)
2025-11-27 16:36:59,924 - ENTER LONG: 154.55 shares at 25.35 (Weight: 30.0%, Commission: $3.92)
2025-11-27 16:36:59,924 - EXIT LONG: 154.55 shares at 24.84 | P/L: -86.12 (Commission: $7.76)
2025-11-27 16:36:59,924 - ENTER LONG: 161.73 shares at 24.07 (Weight: 30.0%, Commission: $3.89)
2025-11-27 16:36:59,924 - EXIT LONG: 161.73 shares at 23.58 | P/L: -85.55 (Commission: $7.71)
2025-11-27 16:36:59,924 - ENTER LONG: 165.98 shares at 23.30 (Weight: 30.0%, Commission: $3.87)
2025-11-27 16:36:59,924 - ENTER LONG: 118.16 shares at 22.91 (Weight: 30.0%, Commission: $2.71)
2025-11-27 16:36:59,924 - EXIT LONG: 118.16 shares at 24.05 | P/L: 129.78 (Commission: $5.55)
2025-11-27 16:36:59,924 - EXIT LONG: 165.98 shares at 24.38 | P/L: 171.34 (Commission: $7.91)
2025-11-27 16:36:59,924 - ENTER LONG: 160.06 shares at 24.72 (Weight: 30.0%, Commission: $3.96)
2025-11-27 16:36:59,924 - EXIT LONG: 160.06 shares at 25.78 | P/L: 161.58 (Commission: $8.08)
2025-11-27 16:36:59,924 - ENTER LONG: 144.48 shares at 27.72 (Weight: 30.0%, Commission: $4.01)
2025-11-27 16:36:59,924 - EXIT LONG: 144.48 shares at 28.54 | P/L: 109.63 (Commission: $8.13)
2025-11-27 16:36:59,924 - ENTER LONG: 144.39 shares at 27.96 (Weight: 30.0%, Commission: $4.04)
2025-11-27 16:36:59,924 - EXIT LONG: 144.39 shares at 27.41 | P/L: -88.75 (Commission: $8.00)
2025-11-27 16:36:59,924 - ENTER LONG: 152.41 shares at 26.32 (Weight: 30.0%, Commission: $4.01)
2025-11-27 16:36:59,924 - EXIT LONG: 152.41 shares at 27.25 | P/L: 133.57 (Commission: $8.16)
2025-11-27 16:36:59,924 - ENTER LONG: 142.28 shares at 28.48 (Weight: 30.0%, Commission: $4.05)
2025-11-27 16:36:59,924 - ENTER LONG: 100.18 shares at 28.31 (Weight: 30.0%, Commission: $2.84)
2025-11-27 16:36:59,924 - EXIT LONG: 142.28 shares at 29.16 | P/L: 88.55 (Commission: $8.20)
2025-11-27 16:36:59,924 - EXIT LONG: 100.18 shares at 29.16 | P/L: 78.89 (Commission: $5.76)
2025-11-27 16:36:59,925 - ENTER LONG: 137.73 shares at 29.78 (Weight: 30.0%, Commission: $4.10)
2025-11-27 16:36:59,925 - EXIT LONG: 137.73 shares at 29.18 | P/L: -90.15 (Commission: $8.12)
2025-11-27 16:36:59,925 - ENTER LONG: 143.62 shares at 28.37 (Weight: 30.0%, Commission: $4.07)
2025-11-27 16:36:59,925 - EXIT LONG: 143.62 shares at 29.27 | P/L: 120.98 (Commission: $8.28)
2025-11-27 16:36:59,925 - ENTER LONG: 143.21 shares at 28.70 (Weight: 30.0%, Commission: $4.11)
2025-11-27 16:36:59,925 - EXIT LONG: 143.21 shares at 28.13 | P/L: -90.36 (Commission: $8.14)
2025-11-27 16:36:59,925 - ENTER LONG: 145.64 shares at 28.04 (Weight: 30.0%, Commission: $4.08)
2025-11-27 16:36:59,925 - ENTER LONG: 103.24 shares at 27.69 (Weight: 30.0%, Commission: $2.86)
2025-11-27 16:36:59,925 - EXIT LONG: 145.64 shares at 29.44 | P/L: 195.82 (Commission: $8.37)
2025-11-27 16:36:59,925 - EXIT LONG: 103.24 shares at 29.07 | P/L: 137.07 (Commission: $5.86)
2025-11-27 16:36:59,925 - ENTER LONG: 140.34 shares at 29.81 (Weight: 30.0%, Commission: $4.18)
2025-11-27 16:36:59,925 - EXIT LONG: 140.34 shares at 29.95 | P/L: 11.96 (Commission: $8.39)
2025-11-27 16:36:59,925 - ENTER LONG: 142.08 shares at 29.47 (Weight: 30.0%, Commission: $4.19)
2025-11-27 16:36:59,925 - EXIT LONG: 142.08 shares at 30.18 | P/L: 92.40 (Commission: $8.48)
2025-11-27 16:36:59,925 - ENTER LONG: 135.13 shares at 31.19 (Weight: 30.0%, Commission: $4.21)
2025-11-27 16:36:59,925 - EXIT LONG: 135.13 shares at 30.57 | P/L: -92.64 (Commission: $8.35)
2025-11-27 16:36:59,925 - ENTER LONG: 141.84 shares at 29.52 (Weight: 30.0%, Commission: $4.19)
2025-11-27 16:36:59,925 - EXIT LONG: 141.84 shares at 30.07 | P/L: 68.85 (Commission: $8.45)
2025-11-27 16:36:59,925 - ENTER LONG: 140.11 shares at 30.03 (Weight: 30.0%, Commission: $4.21)
2025-11-27 16:36:59,925 - ENTER LONG: 99.24 shares at 29.68 (Weight: 30.0%, Commission: $2.95)
2025-11-27 16:36:59,925 - EXIT LONG: 140.11 shares at 30.94 | P/L: 118.96 (Commission: $8.54)
2025-11-27 16:36:59,925 - EXIT LONG: 99.24 shares at 30.94 | P/L: 119.02 (Commission: $6.02)
2025-11-27 16:36:59,925 - ENTER LONG: 141.59 shares at 30.22 (Weight: 30.0%, Commission: $4.28)
2025-11-27 16:36:59,925 - ENTER LONG: 99.93 shares at 29.98 (Weight: 30.0%, Commission: $3.00)
2025-11-27 16:36:59,925 - EXIT LONG: 141.59 shares at 29.62 | P/L: -94.05 (Commission: $8.47)
2025-11-27 16:36:59,925 - EXIT LONG: 99.93 shares at 29.38 | P/L: -65.84 (Commission: $5.93)
2025-11-27 16:36:59,925 - ENTER LONG: 146.50 shares at 28.88 (Weight: 30.0%, Commission: $4.23)
2025-11-27 16:36:59,925 - EXIT LONG: 146.50 shares at 29.70 | P/L: 110.82 (Commission: $8.58)
2025-11-27 16:36:59,925 - ENTER LONG: 137.58 shares at 31.00 (Weight: 30.0%, Commission: $4.26)
2025-11-27 16:36:59,925 - ENTER LONG: 97.22 shares at 30.70 (Weight: 30.0%, Commission: $2.98)
2025-11-27 16:36:59,925 - EXIT LONG: 137.58 shares at 30.98 | P/L: -11.28 (Commission: $8.53)
2025-11-27 16:36:59,925 - EXIT LONG: 97.22 shares at 30.98 | P/L: 20.25 (Commission: $6.00)
2025-11-27 16:36:59,925 - ENTER LONG: 138.63 shares at 30.78 (Weight: 30.0%, Commission: $4.27)
2025-11-27 16:36:59,926 - EXIT LONG: 138.63 shares at 30.97 | P/L: 17.78 (Commission: $8.56)
2025-11-27 16:36:59,926 - ENTER LONG: 141.75 shares at 30.14 (Weight: 30.0%, Commission: $4.27)
2025-11-27 16:36:59,926 - EXIT LONG: 141.75 shares at 30.34 | P/L: 19.78 (Commission: $8.57)
2025-11-27 16:36:59,926 - ENTER LONG: 147.98 shares at 28.91 (Weight: 30.0%, Commission: $4.28)
2025-11-27 16:36:59,926 - EXIT LONG: 147.98 shares at 29.93 | P/L: 142.24 (Commission: $8.71)
2025-11-27 16:36:59,926 - ENTER LONG: 146.64 shares at 29.46 (Weight: 30.0%, Commission: $4.32)
2025-11-27 16:36:59,926 - EXIT LONG: 146.64 shares at 30.85 | P/L: 194.26 (Commission: $8.84)
2025-11-27 16:36:59,926 - ENTER LONG: 149.15 shares at 29.36 (Weight: 30.0%, Commission: $4.38)
2025-11-27 16:36:59,926 - EXIT LONG: 149.15 shares at 28.77 | P/L: -96.25 (Commission: $8.67)
2025-11-27 16:36:59,926 - ENTER LONG: 156.01 shares at 27.89 (Weight: 30.0%, Commission: $4.35)
2025-11-27 16:36:59,926 - EXIT LONG: 156.01 shares at 27.33 | P/L: -95.62 (Commission: $8.61)
2025-11-27 16:36:59,926 - ENTER LONG: 160.92 shares at 26.86 (Weight: 30.0%, Commission: $4.32)
2025-11-27 16:36:59,926 - ENTER LONG: 114.70 shares at 26.38 (Weight: 30.0%, Commission: $3.03)
2025-11-27 16:36:59,926 - EXIT LONG: 160.92 shares at 26.32 | P/L: -94.99 (Commission: $8.56)
2025-11-27 16:36:59,926 - EXIT LONG: 114.70 shares at 25.85 | P/L: -66.49 (Commission: $5.99)
2025-11-27 16:36:59,926 - ENTER LONG: 161.71 shares at 26.43 (Weight: 30.0%, Commission: $4.27)
2025-11-27 16:36:59,926 - EXIT LONG: 161.71 shares at 27.64 | P/L: 187.73 (Commission: $8.74)
2025-11-27 16:36:59,926 - ENTER LONG: 164.20 shares at 26.37 (Weight: 30.0%, Commission: $4.33)
2025-11-27 16:36:59,926 - EXIT LONG: 164.20 shares at 25.84 | P/L: -95.16 (Commission: $8.57)
2025-11-27 16:36:59,926 - ENTER LONG: 166.70 shares at 25.80 (Weight: 30.0%, Commission: $4.30)
2025-11-27 16:36:59,926 - EXIT LONG: 166.70 shares at 26.75 | P/L: 150.44 (Commission: $8.76)
2025-11-27 16:36:59,926 - ENTER LONG: 137.79 shares at 31.54 (Weight: 30.0%, Commission: $4.35)
2025-11-27 16:36:59,926 - EXIT LONG: 137.79 shares at 32.12 | P/L: 71.15 (Commission: $8.77)
2025-11-27 16:36:59,927 - ENTER LONG: 137.40 shares at 31.79 (Weight: 30.0%, Commission: $4.37)
2025-11-27 16:36:59,927 - EXIT LONG: 137.40 shares at 32.67 | P/L: 113.43 (Commission: $8.86)
2025-11-27 16:36:59,927 - ENTER LONG: 136.10 shares at 32.34 (Weight: 30.0%, Commission: $4.40)
2025-11-27 16:36:59,927 - EXIT LONG: 136.10 shares at 31.69 | P/L: -96.74 (Commission: $8.71)
2025-11-27 16:36:59,927 - ENTER LONG: 139.69 shares at 31.30 (Weight: 30.0%, Commission: $4.37)
2025-11-27 16:36:59,927 - EXIT LONG: 139.69 shares at 31.57 | P/L: 28.93 (Commission: $8.78)
2025-11-27 16:36:59,927 - ENTER LONG: 116.69 shares at 37.55 (Weight: 30.0%, Commission: $4.38)
2025-11-27 16:36:59,927 - ENTER LONG: 82.44 shares at 37.20 (Weight: 30.0%, Commission: $3.07)
2025-11-27 16:36:59,927 - EXIT LONG: 116.69 shares at 36.79 | P/L: -96.29 (Commission: $8.67)
2025-11-27 16:36:59,927 - EXIT LONG: 82.44 shares at 36.46 | P/L: -67.41 (Commission: $6.07)
2025-11-27 16:36:59,927 - ENTER LONG: 120.53 shares at 35.94 (Weight: 30.0%, Commission: $4.33)
2025-11-27 16:36:59,927 - EXIT LONG: 120.53 shares at 37.14 | P/L: 135.83 (Commission: $8.81)
2025-11-27 16:36:59,927 - ENTER LONG: 118.47 shares at 36.91 (Weight: 30.0%, Commission: $4.37)
2025-11-27 16:36:59,927 - EXIT LONG: 118.47 shares at 37.52 | P/L: 62.86 (Commission: $8.82)
2025-11-27 16:36:59,927 - ENTER LONG: 110.69 shares at 39.67 (Weight: 30.0%, Commission: $4.39)
2025-11-27 16:36:59,927 - EXIT LONG: 110.69 shares at 40.32 | P/L: 62.54 (Commission: $8.85)
2025-11-27 16:36:59,927 - ENTER LONG: 118.95 shares at 37.08 (Weight: 30.0%, Commission: $4.41)
2025-11-27 16:36:59,927 - ENTER LONG: 84.53 shares at 36.52 (Weight: 30.0%, Commission: $3.09)
2025-11-27 16:36:59,927 - EXIT LONG: 118.95 shares at 36.33 | P/L: -96.94 (Commission: $8.73)
2025-11-27 16:36:59,927 - EXIT LONG: 84.53 shares at 35.79 | P/L: -67.86 (Commission: $6.11)
2025-11-27 16:36:59,927 - ENTER LONG: 122.74 shares at 35.53 (Weight: 30.0%, Commission: $4.36)
2025-11-27 16:36:59,927 - EXIT LONG: 122.74 shares at 37.08 | P/L: 181.33 (Commission: $8.91)
2025-11-27 16:36:59,928 - ENTER LONG: 120.37 shares at 36.68 (Weight: 30.0%, Commission: $4.42)
2025-11-27 16:36:59,928 - EXIT LONG: 120.37 shares at 35.95 | P/L: -97.05 (Commission: $8.74)
2025-11-27 16:36:59,928 - ENTER LONG: 134.03 shares at 32.73 (Weight: 30.0%, Commission: $4.39)
2025-11-27 16:36:59,928 - EXIT LONG: 134.03 shares at 32.07 | P/L: -96.41 (Commission: $8.68)
2025-11-27 16:36:59,928 - ENTER LONG: 137.73 shares at 31.64 (Weight: 30.0%, Commission: $4.36)
2025-11-27 16:36:59,928 - EXIT LONG: 137.73 shares at 32.54 | P/L: 115.81 (Commission: $8.84)
2025-11-27 16:36:59,928 - ENTER LONG: 139.89 shares at 31.39 (Weight: 30.0%, Commission: $4.39)
2025-11-27 16:36:59,928 - EXIT LONG: 139.89 shares at 32.96 | P/L: 210.59 (Commission: $9.00)
2025-11-27 16:36:59,928 - ENTER LONG: 140.63 shares at 31.68 (Weight: 30.0%, Commission: $4.46)
2025-11-27 16:36:59,928 - EXIT LONG: 140.63 shares at 31.05 | P/L: -97.92 (Commission: $8.82)
2025-11-27 16:36:59,928 - ENTER LONG: 150.69 shares at 29.37 (Weight: 30.0%, Commission: $4.43)
2025-11-27 16:36:59,928 - EXIT LONG: 150.69 shares at 28.78 | P/L: -97.28 (Commission: $8.76)
2025-11-27 16:36:59,928 - ENTER LONG: 165.31 shares at 26.59 (Weight: 30.0%, Commission: $4.40)
2025-11-27 16:36:59,928 - EXIT LONG: 165.31 shares at 27.92 | P/L: 210.81 (Commission: $9.01)
2025-11-27 16:36:59,928 - ENTER LONG: 125.87 shares at 35.43 (Weight: 30.0%, Commission: $4.46)
2025-11-27 16:36:59,928 - EXIT LONG: 125.87 shares at 35.91 | P/L: 52.07 (Commission: $8.98)
2025-11-27 16:36:59,928 - ENTER LONG: 130.90 shares at 34.19 (Weight: 30.0%, Commission: $4.48)
2025-11-27 16:36:59,928 - EXIT LONG: 130.90 shares at 35.27 | P/L: 131.62 (Commission: $9.09)
2025-11-27 16:36:59,928 - ENTER LONG: 131.89 shares at 34.23 (Weight: 30.0%, Commission: $4.51)
2025-11-27 16:36:59,928 - EXIT LONG: 131.89 shares at 34.52 | P/L: 29.18 (Commission: $9.07)
2025-11-27 16:36:59,928 - ENTER LONG: 135.64 shares at 33.35 (Weight: 30.0%, Commission: $4.52)
2025-11-27 16:36:59,928 - ENTER LONG: 95.45 shares at 33.17 (Weight: 30.0%, Commission: $3.17)
2025-11-27 16:36:59,928 - EXIT LONG: 135.64 shares at 34.30 | P/L: 120.36 (Commission: $9.18)
2025-11-27 16:36:59,928 - EXIT LONG: 95.45 shares at 34.30 | P/L: 101.41 (Commission: $6.44)
2025-11-27 16:36:59,928 - ENTER LONG: 147.23 shares at 31.18 (Weight: 30.0%, Commission: $4.59)
2025-11-27 16:36:59,928 - ENTER LONG: 103.95 shares at 30.91 (Weight: 30.0%, Commission: $3.21)
2025-11-27 16:36:59,928 - EXIT LONG: 147.23 shares at 30.55 | P/L: -100.89 (Commission: $9.09)
2025-11-27 16:36:59,928 - EXIT LONG: 103.95 shares at 30.29 | P/L: -70.62 (Commission: $6.36)
2025-11-27 16:36:59,928 - ENTER LONG: 159.28 shares at 28.50 (Weight: 30.0%, Commission: $4.54)
2025-11-27 16:36:59,928 - EXIT LONG: 159.28 shares at 29.55 | P/L: 159.59 (Commission: $9.25)
2025-11-27 16:36:59,929 - ENTER LONG: 138.04 shares at 33.23 (Weight: 30.0%, Commission: $4.59)
2025-11-27 16:36:59,929 - ENTER LONG: 97.85 shares at 32.81 (Weight: 30.0%, Commission: $3.21)
2025-11-27 16:36:59,929 - EXIT LONG: 138.04 shares at 34.89 | P/L: 219.92 (Commission: $9.40)
2025-11-27 16:36:59,929 - EXIT LONG: 97.85 shares at 34.45 | P/L: 153.94 (Commission: $6.58)
2025-11-27 16:36:59,929 - ENTER LONG: 133.99 shares at 35.06 (Weight: 30.0%, Commission: $4.70)
2025-11-27 16:36:59,929 - EXIT LONG: 133.99 shares at 35.33 | P/L: 25.41 (Commission: $9.43)
2025-11-27 16:36:59,929 - ENTER LONG: 130.85 shares at 35.97 (Weight: 30.0%, Commission: $4.71)
2025-11-27 16:36:59,929 - EXIT LONG: 130.85 shares at 36.24 | P/L: 27.19 (Commission: $9.45)
2025-11-27 16:36:59,929 - ENTER LONG: 135.82 shares at 34.71 (Weight: 30.0%, Commission: $4.71)
2025-11-27 16:36:59,929 - EXIT LONG: 135.82 shares at 35.98 | P/L: 163.56 (Commission: $9.60)
2025-11-27 16:36:59,929 - ENTER LONG: 136.87 shares at 34.80 (Weight: 30.0%, Commission: $4.76)
2025-11-27 16:36:59,929 - EXIT LONG: 136.87 shares at 36.31 | P/L: 196.95 (Commission: $9.73)
2025-11-27 16:36:59,929 - ENTER LONG: 131.83 shares at 36.58 (Weight: 30.0%, Commission: $4.82)
2025-11-27 16:36:59,929 - EXIT LONG: 131.83 shares at 37.32 | P/L: 87.81 (Commission: $9.74)
2025-11-27 16:36:59,929 - ENTER LONG: 135.08 shares at 35.90 (Weight: 30.0%, Commission: $4.85)
2025-11-27 16:36:59,929 - EXIT LONG: 135.08 shares at 36.75 | P/L: 105.68 (Commission: $9.81)
2025-11-27 16:36:59,930 - ENTER LONG: 129.85 shares at 37.59 (Weight: 30.0%, Commission: $4.88)
2025-11-27 16:36:59,930 - EXIT LONG: 129.85 shares at 36.83 | P/L: -107.27 (Commission: $9.66)
2025-11-27 16:36:59,930 - ENTER LONG: 139.61 shares at 34.73 (Weight: 30.0%, Commission: $4.85)
2025-11-27 16:36:59,930 - EXIT LONG: 139.61 shares at 35.47 | P/L: 93.51 (Commission: $9.80)
2025-11-27 16:36:59,930 - ENTER LONG: 138.78 shares at 35.13 (Weight: 30.0%, Commission: $4.88)
2025-11-27 16:36:59,930 - EXIT LONG: 138.78 shares at 36.47 | P/L: 175.34 (Commission: $9.94)
2025-11-27 16:36:59,930 - ENTER LONG: 119.99 shares at 41.08 (Weight: 30.0%, Commission: $4.93)
2025-11-27 16:36:59,930 - EXIT LONG: 119.99 shares at 40.25 | P/L: -108.33 (Commission: $9.76)
2025-11-27 16:36:59,930 - ENTER LONG: 122.31 shares at 40.03 (Weight: 30.0%, Commission: $4.90)
2025-11-27 16:36:59,930 - EXIT LONG: 122.31 shares at 39.23 | P/L: -107.62 (Commission: $9.69)
2025-11-27 16:36:59,930 - ENTER LONG: 130.98 shares at 37.13 (Weight: 30.0%, Commission: $4.86)
2025-11-27 16:36:59,930 - EXIT LONG: 130.98 shares at 37.88 | P/L: 88.41 (Commission: $9.83)
2025-11-27 16:36:59,930 - ENTER LONG: 125.56 shares at 38.95 (Weight: 30.0%, Commission: $4.89)
2025-11-27 16:36:59,930 - EXIT LONG: 125.56 shares at 39.95 | P/L: 115.02 (Commission: $9.91)
2025-11-27 16:36:59,930 - ENTER LONG: 115.15 shares at 42.77 (Weight: 30.0%, Commission: $4.92)
2025-11-27 16:36:59,930 - EXIT LONG: 115.15 shares at 43.87 | P/L: 116.69 (Commission: $9.98)
2025-11-27 16:36:59,930 - ENTER LONG: 115.76 shares at 42.84 (Weight: 30.0%, Commission: $4.96)
2025-11-27 16:36:59,930 - ENTER LONG: 81.92 shares at 42.38 (Weight: 30.0%, Commission: $3.47)
2025-11-27 16:36:59,930 - EXIT LONG: 81.92 shares at 44.50 | P/L: 166.48 (Commission: $7.12)
2025-11-27 16:36:59,930 - EXIT LONG: 115.76 shares at 44.65 | P/L: 198.25 (Commission: $10.13)
2025-11-27 16:36:59,930 - ENTER LONG: 115.84 shares at 43.76 (Weight: 30.0%, Commission: $5.07)
2025-11-27 16:36:59,930 - EXIT LONG: 115.84 shares at 44.70 | P/L: 98.64 (Commission: $10.25)
2025-11-27 16:36:59,931 - ENTER LONG: 110.79 shares at 46.02 (Weight: 30.0%, Commission: $5.10)
2025-11-27 16:36:59,931 - EXIT LONG: 110.79 shares at 45.10 | P/L: -112.07 (Commission: $10.10)
2025-11-27 16:36:59,931 - ENTER LONG: 123.41 shares at 41.05 (Weight: 30.0%, Commission: $5.07)
2025-11-27 16:36:59,931 - ENTER LONG: 87.62 shares at 40.47 (Weight: 30.0%, Commission: $3.55)
2025-11-27 16:36:59,931 - EXIT LONG: 123.41 shares at 41.52 | P/L: 47.81 (Commission: $10.19)
2025-11-27 16:36:59,931 - EXIT LONG: 87.62 shares at 41.52 | P/L: 84.82 (Commission: $7.18)
2025-11-27 16:36:59,931 - ENTER LONG: 120.60 shares at 42.33 (Weight: 30.0%, Commission: $5.10)
2025-11-27 16:36:59,931 - EXIT LONG: 120.60 shares at 41.48 | P/L: -112.21 (Commission: $10.11)
2025-11-27 16:36:59,931 - ENTER LONG: 124.82 shares at 40.63 (Weight: 30.0%, Commission: $5.07)
2025-11-27 16:36:59,931 - EXIT LONG: 124.82 shares at 39.82 | P/L: -111.47 (Commission: $10.04)
2025-11-27 16:36:59,931 - ENTER LONG: 127.33 shares at 39.56 (Weight: 30.0%, Commission: $5.04)
2025-11-27 16:36:59,931 - ENTER LONG: 89.70 shares at 39.31 (Weight: 30.0%, Commission: $3.53)
2025-11-27 16:36:59,931 - EXIT LONG: 127.33 shares at 41.20 | P/L: 197.90 (Commission: $10.28)
2025-11-27 16:36:59,931 - EXIT LONG: 89.70 shares at 41.20 | P/L: 161.86 (Commission: $7.22)
2025-11-27 16:36:59,931 - ENTER LONG: 127.65 shares at 40.31 (Weight: 30.0%, Commission: $5.15)
2025-11-27 16:36:59,931 - EXIT LONG: 127.65 shares at 39.50 | P/L: -113.10 (Commission: $10.19)
2025-11-27 16:36:59,931 - ENTER LONG: 133.07 shares at 38.41 (Weight: 30.0%, Commission: $5.11)
2025-11-27 16:36:59,931 - ENTER LONG: 94.13 shares at 38.02 (Weight: 30.0%, Commission: $3.58)
2025-11-27 16:36:59,931 - EXIT LONG: 133.07 shares at 40.34 | P/L: 245.11 (Commission: $10.48)
2025-11-27 16:36:59,931 - EXIT LONG: 94.13 shares at 39.92 | P/L: 171.58 (Commission: $7.34)
2025-11-27 16:36:59,931 - ENTER LONG: 132.19 shares at 39.62 (Weight: 30.0%, Commission: $5.24)
2025-11-27 16:36:59,931 - EXIT LONG: 132.19 shares at 41.57 | P/L: 247.70 (Commission: $10.73)
2025-11-27 16:36:59,931 - ENTER LONG: 122.44 shares at 43.38 (Weight: 30.0%, Commission: $5.31)
2025-11-27 16:36:59,931 - EXIT LONG: 122.44 shares at 42.51 | P/L: -116.73 (Commission: $10.52)
2025-11-27 16:36:59,931 - ENTER LONG: 133.33 shares at 39.57 (Weight: 30.0%, Commission: $5.28)
2025-11-27 16:36:59,931 - EXIT LONG: 133.33 shares at 41.33 | P/L: 223.21 (Commission: $10.79)
2025-11-27 16:36:59,931 - ENTER LONG: 130.09 shares at 41.07 (Weight: 30.0%, Commission: $5.34)
2025-11-27 16:36:59,931 - EXIT LONG: 130.09 shares at 41.59 | P/L: 56.24 (Commission: $10.75)
2025-11-27 16:36:59,931 - ENTER LONG: 129.59 shares at 41.36 (Weight: 30.0%, Commission: $5.36)
2025-11-27 16:36:59,931 - EXIT LONG: 129.59 shares at 40.53 | P/L: -117.81 (Commission: $10.61)
2025-11-27 16:36:59,931 - ENTER LONG: 131.92 shares at 40.36 (Weight: 30.0%, Commission: $5.32)
2025-11-27 16:36:59,931 - EXIT LONG: 131.92 shares at 41.83 | P/L: 182.42 (Commission: $10.84)
2025-11-27 16:36:59,932 - ENTER LONG: 130.04 shares at 41.37 (Weight: 30.0%, Commission: $5.38)
2025-11-27 16:36:59,932 - EXIT LONG: 130.04 shares at 42.82 | P/L: 178.26 (Commission: $10.95)
2025-11-27 16:36:59,932 - ENTER LONG: 127.78 shares at 42.52 (Weight: 30.0%, Commission: $5.43)
2025-11-27 16:36:59,932 - EXIT LONG: 127.78 shares at 44.40 | P/L: 229.12 (Commission: $11.11)
2025-11-27 16:36:59,932 - ENTER LONG: 123.21 shares at 44.65 (Weight: 30.0%, Commission: $5.50)
2025-11-27 16:36:59,932 - EXIT LONG: 123.21 shares at 43.76 | P/L: -120.92 (Commission: $10.89)
2025-11-27 16:36:59,932 - ENTER LONG: 130.57 shares at 41.85 (Weight: 30.0%, Commission: $5.46)
2025-11-27 16:36:59,932 - EXIT LONG: 130.57 shares at 41.02 | P/L: -120.12 (Commission: $10.82)
2025-11-27 16:36:59,932 - ENTER LONG: 134.55 shares at 40.35 (Weight: 30.0%, Commission: $5.43)
2025-11-27 16:36:59,932 - EXIT LONG: 134.55 shares at 39.54 | P/L: -119.33 (Commission: $10.75)
2025-11-27 16:36:59,932 - ENTER LONG: 138.96 shares at 38.81 (Weight: 30.0%, Commission: $5.39)
2025-11-27 16:36:59,932 - EXIT LONG: 138.96 shares at 39.06 | P/L: 23.92 (Commission: $10.82)
2025-11-27 16:36:59,932 - ENTER LONG: 150.76 shares at 35.82 (Weight: 30.0%, Commission: $5.40)
2025-11-27 16:36:59,932 - EXIT LONG: 150.76 shares at 37.46 | P/L: 236.20 (Commission: $11.05)
2025-11-27 16:36:59,932 - ENTER LONG: 156.14 shares at 35.04 (Weight: 30.0%, Commission: $5.47)
2025-11-27 16:36:59,932 - ENTER LONG: 110.51 shares at 34.66 (Weight: 30.0%, Commission: $3.83)
2025-11-27 16:36:59,932 - EXIT LONG: 156.14 shares at 36.01 | P/L: 139.58 (Commission: $11.09)
2025-11-27 16:36:59,932 - EXIT LONG: 110.51 shares at 36.01 | P/L: 141.38 (Commission: $7.81)
2025-11-27 16:36:59,932 - ENTER LONG: 168.24 shares at 33.02 (Weight: 30.0%, Commission: $5.56)
2025-11-27 16:36:59,932 - EXIT LONG: 168.24 shares at 33.70 | P/L: 104.02 (Commission: $11.23)
2025-11-27 16:36:59,932 - ENTER LONG: 186.81 shares at 29.91 (Weight: 30.0%, Commission: $5.59)
2025-11-27 16:36:59,932 - EXIT LONG: 186.81 shares at 30.57 | P/L: 112.00 (Commission: $11.30)
2025-11-27 16:36:59,932 - ENTER LONG: 194.50 shares at 28.89 (Weight: 30.0%, Commission: $5.62)
2025-11-27 16:36:59,932 - EXIT LONG: 194.50 shares at 30.34 | P/L: 269.48 (Commission: $11.52)
2025-11-27 16:36:59,932 - ENTER LONG: 190.31 shares at 29.95 (Weight: 30.0%, Commission: $5.70)
2025-11-27 16:36:59,932 - EXIT LONG: 190.31 shares at 31.12 | P/L: 210.09 (Commission: $11.62)
2025-11-27 16:36:59,932 - ENTER LONG: 187.14 shares at 30.80 (Weight: 30.0%, Commission: $5.76)
2025-11-27 16:36:59,932 - EXIT LONG: 187.14 shares at 31.09 | P/L: 42.69 (Commission: $11.58)
2025-11-27 16:36:59,933 - ENTER LONG: 182.28 shares at 31.69 (Weight: 30.0%, Commission: $5.78)
2025-11-27 16:36:59,933 - ENTER LONG: 129.81 shares at 31.15 (Weight: 30.0%, Commission: $4.04)
2025-11-27 16:36:59,933 - EXIT LONG: 182.28 shares at 31.06 | P/L: -126.97 (Commission: $11.44)
2025-11-27 16:36:59,933 - EXIT LONG: 129.81 shares at 30.53 | P/L: -88.88 (Commission: $8.01)
2025-11-27 16:36:59,933 - ENTER LONG: 199.23 shares at 28.67 (Weight: 30.0%, Commission: $5.71)
2025-11-27 16:36:59,933 - EXIT LONG: 199.23 shares at 29.31 | P/L: 115.95 (Commission: $11.55)
2025-11-27 16:36:59,933 - ENTER LONG: 228.49 shares at 25.15 (Weight: 30.0%, Commission: $5.75)
2025-11-27 16:36:59,933 - EXIT LONG: 228.49 shares at 24.65 | P/L: -126.31 (Commission: $11.38)
2025-11-27 16:36:59,933 - ENTER LONG: 277.87 shares at 20.55 (Weight: 30.0%, Commission: $5.71)
2025-11-27 16:36:59,933 - EXIT LONG: 277.87 shares at 20.13 | P/L: -125.48 (Commission: $11.30)
2025-11-27 16:36:59,933 - ENTER LONG: 291.58 shares at 19.45 (Weight: 30.0%, Commission: $5.67)
2025-11-27 16:36:59,933 - EXIT LONG: 291.58 shares at 20.42 | P/L: 271.93 (Commission: $11.63)
2025-11-27 16:36:59,933 - ENTER LONG: 249.36 shares at 23.07 (Weight: 30.0%, Commission: $5.75)
2025-11-27 16:36:59,933 - EXIT LONG: 249.36 shares at 24.22 | P/L: 275.84 (Commission: $11.79)
2025-11-27 16:36:59,933 - ENTER LONG: 257.69 shares at 22.64 (Weight: 30.0%, Commission: $5.84)
2025-11-27 16:36:59,933 - EXIT LONG: 257.69 shares at 22.19 | P/L: -128.26 (Commission: $11.55)
2025-11-27 16:36:59,933 - ENTER LONG: 276.97 shares at 20.93 (Weight: 30.0%, Commission: $5.80)
2025-11-27 16:36:59,933 - EXIT LONG: 276.97 shares at 21.98 | P/L: 277.96 (Commission: $11.88)
2025-11-27 16:36:59,933 - ENTER LONG: 201.38 shares at 29.20 (Weight: 30.0%, Commission: $5.88)
2025-11-27 16:36:59,933 - EXIT LONG: 201.38 shares at 28.62 | P/L: -129.25 (Commission: $11.64)
2025-11-27 16:36:59,933 - ENTER LONG: 205.90 shares at 28.37 (Weight: 30.0%, Commission: $5.84)
2025-11-27 16:36:59,933 - EXIT LONG: 205.90 shares at 28.70 | P/L: 56.20 (Commission: $11.75)
2025-11-27 16:36:59,933 - ENTER LONG: 165.28 shares at 35.45 (Weight: 30.0%, Commission: $5.86)
2025-11-27 16:36:59,933 - EXIT LONG: 165.28 shares at 34.74 | P/L: -128.77 (Commission: $11.60)
2025-11-27 16:36:59,934 - ENTER LONG: 171.32 shares at 33.97 (Weight: 30.0%, Commission: $5.82)
2025-11-27 16:36:59,934 - EXIT LONG: 171.32 shares at 34.15 | P/L: 18.31 (Commission: $11.67)
2025-11-27 16:36:59,934 - ENTER LONG: 175.67 shares at 33.16 (Weight: 30.0%, Commission: $5.83)
2025-11-27 16:36:59,934 - EXIT LONG: 175.67 shares at 34.82 | P/L: 279.32 (Commission: $11.94)
2025-11-27 16:36:59,934 - ENTER LONG: 168.75 shares at 35.02 (Weight: 30.0%, Commission: $5.91)
2025-11-27 16:36:59,934 - ENTER LONG: 118.18 shares at 35.00 (Weight: 30.0%, Commission: $4.14)
2025-11-27 16:36:59,934 - EXIT LONG: 168.75 shares at 35.80 | P/L: 121.36 (Commission: $11.95)
2025-11-27 16:36:59,934 - EXIT LONG: 118.18 shares at 35.80 | P/L: 86.77 (Commission: $8.37)
2025-11-27 16:36:59,934 - ENTER LONG: 165.52 shares at 36.08 (Weight: 30.0%, Commission: $5.97)
2025-11-27 16:36:59,934 - EXIT LONG: 165.52 shares at 37.10 | P/L: 158.38 (Commission: $12.11)
2025-11-27 16:36:59,934 - ENTER LONG: 160.07 shares at 37.60 (Weight: 30.0%, Commission: $6.02)
2025-11-27 16:36:59,934 - EXIT LONG: 160.07 shares at 37.84 | P/L: 27.14 (Commission: $12.08)
2025-11-27 16:36:59,934 - ENTER LONG: 165.51 shares at 36.41 (Weight: 30.0%, Commission: $6.03)
2025-11-27 16:36:59,934 - EXIT LONG: 165.51 shares at 37.90 | P/L: 233.48 (Commission: $12.30)
2025-11-27 16:36:59,934 - ENTER LONG: 165.77 shares at 36.78 (Weight: 30.0%, Commission: $6.10)
2025-11-27 16:36:59,934 - ENTER LONG: 117.81 shares at 36.23 (Weight: 30.0%, Commission: $4.27)
2025-11-27 16:36:59,934 - EXIT LONG: 165.77 shares at 37.35 | P/L: 82.20 (Commission: $12.29)
2025-11-27 16:36:59,934 - EXIT LONG: 117.81 shares at 37.35 | P/L: 123.87 (Commission: $8.67)
2025-11-27 16:36:59,934 - ENTER LONG: 152.27 shares at 40.45 (Weight: 30.0%, Commission: $6.16)
2025-11-27 16:36:59,934 - EXIT LONG: 152.27 shares at 41.25 | P/L: 110.14 (Commission: $12.44)
2025-11-27 16:36:59,934 - ENTER LONG: 149.34 shares at 41.46 (Weight: 30.0%, Commission: $6.19)
2025-11-27 16:36:59,934 - EXIT LONG: 149.34 shares at 42.38 | P/L: 124.13 (Commission: $12.52)
2025-11-27 16:36:59,934 - ENTER LONG: 148.80 shares at 41.86 (Weight: 30.0%, Commission: $6.23)
2025-11-27 16:36:59,934 - EXIT LONG: 148.80 shares at 42.30 | P/L: 53.69 (Commission: $12.52)
2025-11-27 16:36:59,935 - ENTER LONG: 144.06 shares at 43.35 (Weight: 30.0%, Commission: $6.24)
2025-11-27 16:36:59,935 - EXIT LONG: 144.06 shares at 43.92 | P/L: 69.54 (Commission: $12.57)
2025-11-27 16:36:59,935 - ENTER LONG: 142.06 shares at 44.10 (Weight: 30.0%, Commission: $6.27)
2025-11-27 16:36:59,935 - EXIT LONG: 142.06 shares at 43.22 | P/L: -137.72 (Commission: $12.41)
2025-11-27 16:36:59,935 - ENTER LONG: 150.13 shares at 41.46 (Weight: 30.0%, Commission: $6.22)
2025-11-27 16:36:59,935 - EXIT LONG: 150.13 shares at 43.53 | P/L: 298.46 (Commission: $12.76)
2025-11-27 16:36:59,935 - ENTER LONG: 147.45 shares at 42.82 (Weight: 30.0%, Commission: $6.31)
2025-11-27 16:36:59,935 - EXIT LONG: 147.45 shares at 44.42 | P/L: 223.06 (Commission: $12.86)
2025-11-27 16:36:59,935 - ENTER LONG: 139.70 shares at 45.67 (Weight: 30.0%, Commission: $6.38)
2025-11-27 16:36:59,935 - EXIT LONG: 139.70 shares at 47.36 | P/L: 222.40 (Commission: $13.00)
2025-11-27 16:36:59,935 - ENTER LONG: 138.27 shares at 46.63 (Weight: 30.0%, Commission: $6.45)
2025-11-27 16:36:59,935 - EXIT LONG: 138.27 shares at 45.70 | P/L: -141.71 (Commission: $12.77)
2025-11-27 16:36:59,935 - ENTER LONG: 143.38 shares at 44.67 (Weight: 30.0%, Commission: $6.40)
2025-11-27 16:36:59,935 - ENTER LONG: 102.23 shares at 43.85 (Weight: 30.0%, Commission: $4.48)
2025-11-27 16:36:59,935 - EXIT LONG: 143.38 shares at 43.78 | P/L: -140.78 (Commission: $12.68)
2025-11-27 16:36:59,935 - ENTER LONG: 116.03 shares at 43.24 (Weight: 30.0%, Commission: $5.02)
2025-11-27 16:36:59,935 - EXIT LONG: 102.23 shares at 45.19 | P/L: 127.38 (Commission: $9.10)
2025-11-27 16:36:59,935 - EXIT LONG: 116.03 shares at 45.19 | P/L: 215.42 (Commission: $10.26)
2025-11-27 16:36:59,935 - ENTER LONG: 144.34 shares at 44.80 (Weight: 30.0%, Commission: $6.47)
2025-11-27 16:36:59,935 - EXIT LONG: 144.34 shares at 45.31 | P/L: 62.05 (Commission: $13.01)
2025-11-27 16:36:59,935 - ENTER LONG: 145.12 shares at 44.68 (Weight: 30.0%, Commission: $6.48)
2025-11-27 16:36:59,935 - EXIT LONG: 145.12 shares at 43.79 | P/L: -142.52 (Commission: $12.84)
2025-11-27 16:36:59,935 - ENTER LONG: 147.94 shares at 43.54 (Weight: 30.0%, Commission: $6.44)
2025-11-27 16:36:59,935 - EXIT LONG: 147.94 shares at 44.55 | P/L: 137.13 (Commission: $13.03)
2025-11-27 16:36:59,936 - ENTER LONG: 131.85 shares at 49.16 (Weight: 30.0%, Commission: $6.48)
2025-11-27 16:36:59,936 - EXIT LONG: 131.85 shares at 50.49 | P/L: 161.56 (Commission: $13.14)
2025-11-27 16:36:59,936 - ENTER LONG: 127.30 shares at 51.30 (Weight: 30.0%, Commission: $6.53)
2025-11-27 16:36:59,936 - ENTER LONG: 90.16 shares at 50.70 (Weight: 30.0%, Commission: $4.57)
2025-11-27 16:36:59,936 - EXIT LONG: 127.30 shares at 50.28 | P/L: -143.55 (Commission: $12.93)
2025-11-27 16:36:59,936 - ENTER LONG: 102.28 shares at 50.02 (Weight: 30.0%, Commission: $5.12)
2025-11-27 16:36:59,936 - EXIT LONG: 90.16 shares at 50.62 | P/L: -16.35 (Commission: $9.14)
2025-11-27 16:36:59,936 - EXIT LONG: 102.28 shares at 50.62 | P/L: 51.07 (Commission: $10.29)
2025-11-27 16:36:59,936 - ENTER LONG: 124.13 shares at 52.35 (Weight: 30.0%, Commission: $6.50)
2025-11-27 16:36:59,936 - EXIT LONG: 124.13 shares at 53.52 | P/L: 132.09 (Commission: $13.14)
2025-11-27 16:36:59,936 - ENTER LONG: 124.16 shares at 52.66 (Weight: 30.0%, Commission: $6.54)
2025-11-27 16:36:59,936 - EXIT LONG: 124.16 shares at 54.44 | P/L: 208.34 (Commission: $13.30)
2025-11-27 16:36:59,936 - ENTER LONG: 135.99 shares at 48.53 (Weight: 30.0%, Commission: $6.60)
2025-11-27 16:36:59,936 - EXIT LONG: 135.99 shares at 50.96 | P/L: 316.49 (Commission: $13.53)
2025-11-27 16:36:59,936 - ENTER LONG: 132.41 shares at 50.56 (Weight: 30.0%, Commission: $6.70)
2025-11-27 16:36:59,936 - EXIT LONG: 132.41 shares at 51.60 | P/L: 123.51 (Commission: $13.53)
2025-11-27 16:36:59,936 - ENTER LONG: 131.94 shares at 51.02 (Weight: 30.0%, Commission: $6.73)
2025-11-27 16:36:59,936 - EXIT LONG: 131.94 shares at 51.99 | P/L: 114.39 (Commission: $13.59)
2025-11-27 16:36:59,936 - ENTER LONG: 129.38 shares at 52.30 (Weight: 30.0%, Commission: $6.77)
2025-11-27 16:36:59,936 - EXIT LONG: 129.38 shares at 53.61 | P/L: 155.78 (Commission: $13.70)
2025-11-27 16:36:59,936 - ENTER LONG: 118.40 shares at 57.55 (Weight: 30.0%, Commission: $6.81)
2025-11-27 16:36:59,936 - EXIT LONG: 118.40 shares at 58.36 | P/L: 82.77 (Commission: $13.72)
2025-11-27 16:36:59,936 - ENTER LONG: 123.12 shares at 55.54 (Weight: 30.0%, Commission: $6.84)
2025-11-27 16:36:59,936 - EXIT LONG: 123.12 shares at 56.62 | P/L: 119.16 (Commission: $13.81)
2025-11-27 16:36:59,937 - ENTER LONG: 128.61 shares at 53.45 (Weight: 30.0%, Commission: $6.87)
2025-11-27 16:36:59,937 - ENTER LONG: 90.97 shares at 52.89 (Weight: 30.0%, Commission: $4.81)
2025-11-27 16:36:59,937 - EXIT LONG: 128.61 shares at 56.12 | P/L: 329.59 (Commission: $14.09)
2025-11-27 16:36:59,937 - EXIT LONG: 90.97 shares at 55.53 | P/L: 230.72 (Commission: $9.86)
2025-11-27 16:36:59,937 - ENTER LONG: 125.99 shares at 55.89 (Weight: 30.0%, Commission: $7.04)
2025-11-27 16:36:59,937 - EXIT LONG: 125.99 shares at 54.77 | P/L: -154.77 (Commission: $13.94)
2025-11-27 16:36:59,937 - ENTER LONG: 133.68 shares at 52.33 (Weight: 30.0%, Commission: $7.00)
2025-11-27 16:36:59,937 - EXIT LONG: 133.68 shares at 51.28 | P/L: -153.76 (Commission: $13.85)
2025-11-27 16:36:59,937 - ENTER LONG: 136.19 shares at 51.02 (Weight: 30.0%, Commission: $6.95)
2025-11-27 16:36:59,937 - EXIT LONG: 136.19 shares at 50.00 | P/L: -152.74 (Commission: $13.76)
2025-11-27 16:36:59,937 - ENTER LONG: 140.37 shares at 49.18 (Weight: 30.0%, Commission: $6.90)
2025-11-27 16:36:59,937 - EXIT LONG: 140.37 shares at 50.02 | P/L: 104.69 (Commission: $13.93)
2025-11-27 16:36:59,937 - ENTER LONG: 149.29 shares at 46.45 (Weight: 30.0%, Commission: $6.93)
2025-11-27 16:36:59,937 - EXIT LONG: 149.29 shares at 47.48 | P/L: 139.75 (Commission: $14.02)
2025-11-27 16:37:09,515 - Dashboard saved to outputs/dashboard.html
